,Energy,Iterations,Dipole Moment,Eigens,Derivatives,Derivative Time,Wall Time
bicyclo[3.1.0]hexane,-232.54070995,13,0.08003418,"[-9.78383064, -9.78367069, -9.77534451, -9.77508378, -9.77506015, -9.7747504, -0.80428319, -0.68841816, -0.6356546, -0.55619127, -0.4947629, -0.48526023, -0.46481051, -0.41732829, -0.39199973, -0.36391391, -0.34920233, -0.31366883, -0.30125258, -0.29534421, -0.28959123, -0.24739224, -0.23542984]","[0.010919, 0.011422, 0.0, 0.015084, -0.007842, -0.0, -0.003627, 0.006373, 0.013777, -0.003627, 0.006373, -0.013777, -0.009647, -0.007791, 0.009511, -0.009647, -0.007791, -0.009511, -0.00022, 0.007085, -0.0, -0.00657, -0.004068, -0.0, -0.006953, 0.000997, 0.0, 0.000741, -0.00616, -0.0, -0.003543, -0.000592, -0.005424, -0.003543, -0.000592, 0.005424, 0.005774, -0.002697, 0.001784, 0.005774, -0.002697, -0.001784, 0.004576, 0.00405, -0.00369, 0.004576, 0.00405, 0.00369]",-1,144.1
phosphine,-341.8719025,10,0.2559795,"[-75.99029343, -6.2677971, -4.51532712, -4.51532662, -4.51110591, -0.58845875, -0.34669454, -0.34669041, -0.24882784]","[-4.6e-05, 0.000796, -0.00749, 0.001811, -0.0, 0.002869, -0.000909, -0.001582, 0.00288, -0.000909, 0.001582, 0.00288]",-1,31.2
beryllium_sulfide,-411.3568303,14,1.996589,"[-87.67947185, -7.59587837, -5.64784298, -5.64573303, -5.6457328, -3.86968965, -0.5858097, -0.2782628, -0.21956354, -0.21956352]","[-1e-06, 0.0, -0.002761, 6.6e-05, -1.2e-05, 0.001234]",-1,48.9
lithium_oxide,-82.03459182,11,2.50841,"[-18.55028609, -1.83429464, -0.73750794, -0.24787162, -0.20444352, -0.19337043]","[-1.1e-05, 1.4e-05, -0.00399, -1e-06, -0.0, 0.003079]",-1,31.4
carbon_monoxide,-112.47818038,10,0.08941926,"[-18.71873123, -9.90720459, -1.07534975, -0.52164127, -0.44550608, -0.44550608, -0.33515314]","[0.0, 0.0, -0.001661, 0.0, 0.0, 0.00645]",-1,22.6
magnesium_oxide,-273.80890274,15,2.841383,"[-46.00281803, -18.52517365, -2.93769335, -1.75260243, -1.75260221, -1.75154572, -0.71096353, -0.23069201, -0.18207989, -0.18207989]","[4.7e-05, -5.5e-05, -0.015588, -4e-06, 8e-06, 0.011432]",-1,62.7
aluminum_nitride,-295.59110214,16,1.19484,"[-55.15388948, -13.89959684, -3.93665683, -2.56840087, -2.56509458, -2.56424563, -0.67687707, -0.3239918, -0.27159126, -0.23337312, -0.22872174]","[-2e-05, -7.8e-05, -0.005416, -6e-06, -7e-06, 0.00883]",-1,93.2
imidogen,-54.76742822,11,0.6020747,"[-13.95285121, -0.76409382, -0.36460939, -0.29312483, -0.29312482]","[-5e-06, 1.5e-05, 0.010891, -1e-06, 1e-06, -0.01281]",-1,23.2
methyl_formate,-227.3867335,12,0.7566316,"[-18.67436427, -18.61196261, -9.91156624, -9.84225691, -1.02375621, -0.93882037, -0.68059011, -0.54543101, -0.49004809, -0.44848484, -0.43333884, -0.38543612, -0.36613851, -0.33096225, -0.2863565, -0.25407049]","[-0.005599, 0.022416, 2e-06, 0.008099, -0.01342, 1e-06, -0.011422, -0.020794, 1e-05, 0.007461, 0.011617, 1.2e-05, 0.003647, -0.005962, 0.0, -0.005123, -0.001366, 0.0, 0.001672, 0.003183, -0.004179, 0.001672, 0.003183, 0.004179]",-1,62.2
hypochlorite,-533.36896843,16,0.5740059,"[-100.41860992, -18.6990271, -9.23456732, -7.09412884, -7.08822614, -7.07883408, -1.01003147, -0.72266074, -0.45631478, -0.43376674, -0.404758, -0.28338061, -0.2492984]","[0.0, -1.5e-05, -0.012373, 0.000344, -0.000198, 0.015768]",-1,124.6
methanol,-114.85015,11,0.6502434,"[-18.60694462, -9.8218675, -0.9302287, -0.61797726, -0.46289087, -0.39520186, -0.38779438, -0.29463822, -0.23407411]","[0.019524, 0.005813, -3e-06, -0.016102, -0.016726, -7e-06, 0.003495, -0.002241, -0.0, -0.005239, 0.001261, -0.003787, -0.005239, 0.001261, 0.003787, 0.004062, 0.0121, 0.0]",-1,31.7
vinyl_fluoride,-176.54917638,13,0.5129491,"[-24.10873799, -9.87140968, -9.789303, -1.12312526, -0.6994334, -0.55663642, -0.48479726, -0.43876176, -0.41614114, -0.37066264, -0.33083722, -0.24663468]","[0.003522, -0.019146, -0.0, -0.0215, 0.006401, 0.0, 0.007255, 0.003058, 9e-06, 0.002972, 0.008343, 0.0, 0.00147, -0.002912, -0.0, 0.006401, 0.004844, -0.0]",-1,56.1
formaldehyde,-113.65049357,12,0.8986331,"[-18.63206189, -9.88388179, -0.97731281, -0.57585915, -0.45125708, -0.40865531, -0.38044888, -0.23321179]","[1e-06, -1.4e-05, 0.011371, -4e-06, 0.0, -0.014507, 0.0, -0.004689, 0.002271, 0.0, 0.00469, 0.00227]",-1,33.7
sulfur_diatomic,-793.70565862,12,1.612928e-06,"[-87.77732705, -87.77732452, -7.69086402, -7.6906949, -5.74362012, -5.74279358, -5.7420831, -5.74208279, -5.74201619, -5.74201588, -0.77421855, -0.57305471, -0.37163591, -0.34349262, -0.34349259, -0.21452425, -0.21452422]","[-0.000269, 0.000426, -0.001392, -0.000116, -0.000994, 0.001342]",-1,139.7
acetaldehyde,-152.62727563,12,1.143944,"[-18.61413375, -9.88023268, -9.79736011, -0.95646655, -0.68924137, -0.52796381, -0.43613531, -0.41155337, -0.39498289, -0.3587277, -0.33829585, -0.22356995]","[0.023283, -0.016014, 1.5e-05, -0.011555, 0.025251, 2e-06, -0.016315, -0.0019, 1e-06, -0.001346, -0.007191, 0.0, 0.000212, 0.004929, 0.0, 0.002295, -0.002698, -0.003343, 0.002295, -0.002698, 0.003343]",-1,48.0
boron_monosulfide,-421.36009088,14,0.2412721,"[-87.73608036, -7.6542434, -6.53718177, -5.70589966, -5.70402452, -5.70402432, -0.67980123, -0.3938992, -0.28752576, -0.28752576, -0.26826183]","[0.0, -1e-06, -0.001307, 8.8e-05, 0.000138, 0.001025]",-1,97.6
beryllium_monofluoride,-113.82502786,10,0.4412418,"[-24.07849991, -3.84308707, -1.06076075, -0.42190492, -0.37976449, -0.37976448, -0.1956645]","[2e-06, -1e-06, -0.00299, -1e-06, 1.4e-05, 0.004156]",-1,35.3
phosphorus_tribromide,-8052.28510741,24,0.1308883,"[-480.16767053, -480.16766171, -480.16764781, -76.11799002, -61.69618011, -61.69617366, -61.69616607, -55.66600954, -55.66600032, -55.66599524, -55.6629498, -55.66294376, -55.66293216, -55.66287591, -55.6628559, -55.66285109, -8.39645215, -8.39644718, -8.39644352, -6.38103657, -6.2919936, -6.29198837, -6.29198609, -6.28345552, -6.28345097, -6.28344703, -6.28323011, -6.28322457, -6.28322036, -4.62981184, -4.62981156, -4.62567115, -2.51431248, -2.51430268, -2.51429905, -2.51201976, -2.51201509, -2.51200566, -2.5118471, -2.51183893, -2.51183495, -2.50543712, -2.50543458, -2.5054317, -2.50542959, -2.50542726, -2.50542545, -0.78712395, -0.73440611, -0.73440362, -0.55770468, -0.39925785, -0.3992565, -0.35814467, -0.3104579, -0.31045668, -0.2818507, -0.28184859, -0.27201328, -0.25645073]","[-3.8e-05, -0.000183, 0.000637, 0.0003, -0.001584, 0.001507, -0.001077, 0.002061, 0.001712, 0.001012, 0.002346, 0.002262]",-1,828.6
sulfur_dioxide,-546.344928,14,0.5986942,"[-87.88841724, -18.67170447, -18.67170424, -7.78725045, -5.8428083, -5.83970941, -5.83592483, -1.0641452, -0.97237524, -0.57971953, -0.46489959, -0.45397673, -0.45147445, -0.3568441, -0.3313245, -0.30380923]","[-0.000186, 6.9e-05, 0.001607, 1e-06, -0.005909, -0.003683, 7e-06, 0.005907, -0.003688]",-1,88.9
methanethiol_radical,-436.34542912,12,0.7186454,"[-87.73851852, -9.81821331, -7.65210406, -5.71160599, -5.7045891, -5.69465688, -0.71704937, -0.57132, -0.40472958, -0.39780076, -0.34289952, -0.24741382, -0.21274364]","[-0.010396, 0.000822, 0.016587, 0.002962, -0.000519, -0.007056, 0.008844, -0.000305, -0.000593, -0.000802, 0.005181, -0.003707, -0.000789, -0.005481, -0.003586]",-1,103.3
hydroxyl_radical,-75.20780054,11,0.6480181,"[-18.68911207, -0.92943591, -0.43540538, -0.36669442, -0.30334138]","[9e-06, 1e-06, 0.013552, -1e-06, 1e-06, -0.014563]",-1,26.7
lithium_monosulfide,-404.22169628,11,2.668319,"[-87.66858062, -7.58289337, -5.64461764, -5.62952418, -5.62894467, -1.86609687, -0.55580973, -0.21778462, -0.20446099, -0.18228753]","[0.0, -1e-06, -0.002026, -0.0003, 6.4e-05, 0.004667]",-1,74.7
phosphorus_dioxide,-489.61067083,14,0.5084356,"[-76.1118977, -18.66996195, -18.66996183, -6.37968078, -4.62995334, -4.62706854, -4.62417572, -0.99093571, -0.94438062, -0.51727249, -0.425258, -0.41385996, -0.4123269, -0.34835302, -0.33865924, -0.27628526]","[-6.8e-05, -1.6e-05, -0.001425, 7e-06, -0.003606, 0.001707, 2e-06, 0.003602, 0.00171]",-1,159.2
formaldoxime_zwitterion,-168.55519874,13,1.328659,"[-18.60396064, -14.00991916, -9.83200332, -1.02786029, -0.78969836, -0.60512647, -0.50202765, -0.4439091, -0.42025241, -0.38341871, -0.22653242, -0.22167408]","[0.01455, -0.006258, -0.000366, 0.004356, 0.01696, 0.000879, -0.015548, -0.006778, -0.00019, 0.000919, 0.00263, -0.00014, -0.001237, -0.002325, 0.000181, -0.000642, -0.001501, -0.00052]",-1,50.5
tetrafluoroethylene,-472.58733527,12,4.707229e-07,"[-24.15918073, -24.15917999, -24.15917861, -24.15917445, -9.96921243, -9.96833791, -1.21576057, -1.20180445, -1.15833861, -1.14665249, -0.74727945, -0.6173274, -0.5807811, -0.57596873, -0.53361953, -0.51738652, -0.47331304, -0.4454015, -0.42276491, -0.41655886, -0.41380848, -0.41380326, -0.39297225, -0.24009828]","[-4e-06, -0.0, -0.02775, 3e-06, -0.0, 0.02775, -9e-06, 0.006591, 0.006962, -7e-06, -0.006591, 0.006962, 1.1e-05, -0.006591, -0.006962, 1.5e-05, 0.00659, -0.006962]",-1,132.1
boron_dioxide,-174.05239345,11,4.147426e-06,"[-18.69489677, -18.69489663, -6.51488748, -0.96187746, -0.96178616, -0.44388804, -0.43014946, -0.42873769, -0.40283346, -0.3671534, -0.33354153]","[-0.0, -3e-06, 1e-06, -0.0, -1.3e-05, 0.005766, -5e-06, -3e-06, -0.005765]",-1,65.0
cyano_radical,-91.95684833,13,0.4497544,"[-13.9368845, -9.9111145, -0.87793086, -0.44444404, -0.36384583, -0.36384583, -0.35867478]","[-1e-06, -1e-06, -0.013191, -0.0, -0.0, 0.012701]",-1,42.9
boron_nitride,-78.71120494,13,0.7283873,"[-13.92871227, -6.53621166, -0.77239749, -0.36538497, -0.3390119, -0.30200144, -0.28490762]","[-0.0, -1e-06, -0.004155, 0.0, 0.0, 0.001822]",-1,39.7
acetyl_chloride,-610.82676197,13,1.098062,"[-100.32700882, -18.64407179, -9.93862031, -9.82285186, -9.14956635, -7.00667748, -6.99912071, -6.99732927, -1.00737889, -0.78510375, -0.69536267, -0.51439047, -0.45344882, -0.44191574, -0.43243388, -0.37893415, -0.36974246, -0.29959781, -0.29247177, -0.26744542]","[-0.00729, 0.004405, -1e-06, -0.000427, -0.008423, -0.0, 0.000731, 0.008328, 1e-06, -0.002435, 0.001149, -0.000181, 0.004816, -0.002087, -0.0, 0.00249, -0.001474, 0.003914, 0.00249, -0.001474, -0.003914]",-1,115.7
magnesium_diatomic,-398.28504067,9,1.806872e-05,"[-45.97408723, -45.97408288, -2.90466732, -2.90466557, -1.72001436, -1.72001432, -1.72001271, -1.72001268, -1.7195716, -1.71954798, -0.19555543, -0.16080354]","[0.0, -3.3e-05, -0.002058, -3.9e-05, 3.4e-05, 0.00203]",-1,41.0
methyl_chloride,-498.28866096,11,0.7294393,"[-100.31310141, -9.84268715, -9.13488006, -6.9937396, -6.9827115, -6.98271138, -0.77996714, -0.6093066, -0.39946032, -0.39945809, -0.38725487, -0.26422665, -0.26422611]","[0.0, -0.000132, 0.009665, 0.000406, 7e-05, 0.007475, -0.0, 0.007793, -0.006943, 0.006728, -0.003888, -0.006938, -0.006728, -0.003889, -0.006938]",-1,54.5
dimethyl_ether,-153.79674148,11,0.4742022,"[-18.61324302, -9.8202445, -9.82023958, -0.94780253, -0.65554898, -0.57355427, -0.43604755, -0.42925312, -0.42898734, -0.35410003, -0.33819621, -0.28072155, -0.21810244]","[-1.6e-05, 0.0, -0.001227, 3e-06, 0.01735, -0.009361, 4e-06, -0.01735, -0.009361, 0.0, 0.000723, -0.002799, 0.0, -0.000723, -0.002799, -0.005135, -0.00279, 0.006229, 0.005135, -0.002789, 0.006229, 0.005135, 0.002789, 0.006229, -0.005135, 0.00279, 0.006229]",-1,49.8
methyl_ketene,-190.38772407,11,0.7463485,"[-18.66636796, -9.89299573, -9.79864719, -9.79710259, -1.01787306, -0.72937634, -0.62178826, -0.47879026, -0.44894812, -0.4189063, -0.40894303, -0.37515324, -0.36642718, -0.34532587, -0.20476834]","[0.006815, -0.001679, 0.0, -0.009123, 0.01616, -3e-06, -0.012683, -0.008399, 8e-06, 0.004617, -0.002515, -1.9e-05, 0.001116, -0.008559, 4e-06, -0.001544, 0.006178, 9e-06, 0.00439, -0.000916, 0.005726, 0.004384, -0.000914, -0.005729]",-1,54.8
tetrafluorosilane,-685.72939457,12,0.000157232,"[-65.24305325, -24.13419078, -24.13415588, -24.1341455, -24.13413757, -5.13376269, -3.5737628, -3.57376198, -3.57376069, -1.16302298, -1.12552996, -1.12552253, -1.12551505, -0.56492718, -0.4997942, -0.49978983, -0.49978592, -0.44702122, -0.44702065, -0.43961145, -0.4396104, -0.43960892, -0.40197779, -0.40197472, -0.40197091]","[3.4e-05, -5.4e-05, 5.4e-05, -0.001352, -0.001262, -0.001366, 0.00138, 0.00127, -0.001408, 0.001363, -0.001237, 0.001287, -0.00133, 0.001314, 0.001285]",-1,144.4
silicon_monosulfide,-685.23735372,11,0.6077293,"[-87.71990429, -65.17008324, -7.63721404, -5.68817905, -5.68817894, -5.68673581, -5.0654086, -3.5072175, -3.50721733, -3.50035247, -0.65198044, -0.40251795, -0.26978412, -0.26978409, -0.25862728]","[8e-06, 2.2e-05, 0.004253, -0.000325, 0.00024, -0.000167]",-1,63.5
sulfur_monochloride,-855.56688288,12,0.08920814,"[-100.37496561, -87.78513283, -9.19476164, -7.69623099, -7.05267174, -7.04660908, -7.04091037, -5.75348505, -5.75270939, -5.73758853, -0.83414479, -0.62848356, -0.4098636, -0.37403075, -0.35662144, -0.25467688, -0.22612151]","[-0.000128, -0.000105, -0.008647, 4.4e-05, 0.000108, 0.007748]",-1,137.9
neon_dimer,-256.46735113,9,3.312773e-06,"[-30.30635183, -30.30635025, -1.32342659, -1.32279432, -0.50227071, -0.49890975, -0.49890958, -0.49774409, -0.49774396, -0.49461278]","[2.6e-05, -2.6e-05, -3.5e-05, -2.6e-05, 9e-06, 2.8e-05]",-1,26.5
formaldoxime,-168.55967026,11,0.113528,"[-18.65759421, -13.9293498, -9.81876316, -1.00301338, -0.79156972, -0.55966935, -0.49067426, -0.42557708, -0.38029191, -0.38005797, -0.25363571, -0.24719835]","[0.01479, -0.017394, 5e-06, 0.004984, 0.019877, 4e-06, -0.025674, -0.000852, 2e-05, -0.000609, 0.008498, 0.0, -0.004025, -0.000799, 0.0, 0.012471, -0.011769, 1e-06]",-1,44.5
lithium_chloride,-466.20801171,11,2.686199,"[-100.2216258, -9.04504703, -6.89683172, -6.89622504, -6.89622492, -1.86937495, -0.64486818, -0.24240468, -0.22102414, -0.22102411]","[0.0, 0.0, -0.003011, -0.0, 8e-06, 0.008283]",-1,41.9
isopropyl_radical,-117.38083918,11,0.1431906,"[-9.79325369, -9.77375813, -9.77375433, -0.70793998, -0.62336219, -0.50951193, -0.40991662, -0.38666576, -0.36872538, -0.34497749, -0.31591888, -0.30759237, -0.14872342]","[-0.005158, 0.017324, 0.0, 0.004589, -0.010668, 0.015914, 0.004592, -0.010671, -0.015912, 0.000425, -0.005993, -0.0, 0.00035, -0.002394, -0.003735, 0.00035, -0.002394, 0.003735, -0.005276, 0.002532, -0.001141, 0.002347, 0.004957, 4.8e-05, 0.002347, 0.004957, -4.8e-05, -0.005276, 0.002532, 0.001141]",-1,88.5
cyanogen,-184.17022235,11,6.487774e-07,"[-13.93651591, -13.93651491, -9.90053514, -9.90007662, -0.90278549, -0.88623279, -0.69191342, -0.42597198, -0.42597197, -0.3830837, -0.3731647, -0.35424083, -0.35424082]","[2e-06, 2e-06, 0.036231, -1e-06, 2e-06, -0.03623, -1e-06, 3e-06, -0.017477, -1e-06, -1e-06, 0.017477]",-1,54.7
boron_monohydride,-24.9779181,9,0.6277085,"[-6.53659715, -0.43962677, -0.20316702]","[0.0, 0.0, 0.008288, 0.0, 0.0, -0.008853]",-1,9.7
thiirane,-474.74754387,12,0.7202428,"[-87.71813374, -9.82593711, -9.82573805, -7.63290076, -5.68837386, -5.68546252, -5.67674388, -0.79427113, -0.56078713, -0.56062484, -0.45126383, -0.41383244, -0.34510785, -0.3005146, -0.29198133, -0.2005886]","[0.000218, 0.000304, 0.002657, -0.0, 0.014352, -0.00883, -0.0, -0.014352, -0.008829, 0.00501, -0.003053, 0.001789, -0.00501, -0.003053, 0.001789, -0.00501, 0.003053, 0.00179, 0.00501, 0.003053, 0.00179]",-1,74.3
sodium_chloride,-620.28376143,12,3.340914,"[-100.20331632, -37.74041697, -9.02605493, -6.87850564, -6.87702109, -6.87702097, -2.08661728, -1.08414471, -1.08414468, -1.08242548, -0.62173262, -0.21733288, -0.19951538, -0.19951519]","[-3.6e-05, -1.8e-05, -0.002805, -0.000401, 0.000298, 0.003953]",-1,61.0
magnesium_sulfide,-595.99376427,14,2.840042,"[-87.66187641, -46.02908783, -7.57628464, -5.63228428, -5.6244444, -5.62444412, -2.9625092, -1.77754048, -1.77688618, -1.77688612, -0.5487771, -0.24740126, -0.18403207, -0.18403206]","[-6e-06, -5e-06, -0.005369, -0.000179, -0.000205, 0.004211]",-1,84.6
methyl_silane,-329.6652408,10,0.3240507,"[-65.10220441, -9.77321255, -5.00542664, -3.44429347, -3.4442932, -3.44383036, -0.63475297, -0.46957483, -0.37141343, -0.37140359, -0.29434485, -0.29433823, -0.29415336]","[-0.0, -6e-05, -0.006188, 2e-05, 0.000774, 0.006636, -0.0, -0.002268, 0.000661, 0.001936, 0.001124, 0.000651, -0.001936, 0.001124, 0.000651, -0.0, 0.003606, -0.001714, 0.00314, -0.001819, -0.001718, -0.00314, -0.001819, -0.001717]",-1,46.8
aluminum_trichloride,-1617.88139646,11,2.222916e-05,"[-100.32999834, -100.32999636, -100.3299669, -55.19669363, -9.1537487, -9.15374681, -9.15374067, -7.00787707, -7.0078744, -7.00787308, -7.00417718, -7.00417449, -7.00417336, -7.00319001, -7.00318974, -7.00318837, -3.98006, -2.61248857, -2.60707068, -2.6070702, -0.77492041, -0.75861242, -0.7586118, -0.43179151, -0.37159219, -0.37159111, -0.33962522, -0.32234347, -0.32234279, -0.31703976, -0.31703859, -0.29934712]","[5e-06, 5e-06, -0.001012, -0.000118, -6.3e-05, 0.0044, 0.000206, 0.003442, -0.000906, 0.000178, -0.003223, -0.000773]",-1,160.1
methanethiol,-436.98372197,16,0.6300243,"[-87.71557943, -9.81506598, -7.63231858, -5.68768822, -5.68365875, -5.67670661, -0.71242751, -0.58291789, -0.40819465, -0.38779537, -0.36394055, -0.29419556, -0.20743442]","[-0.008313, -0.00843, 0.000143, 0.004321, 0.020613, -1.9e-05, 0.002141, -0.01409, -2.6e-05, 0.003455, 0.003006, -0.002216, -0.004534, -0.005304, 7.7e-05, 0.003724, 0.002658, 0.001884]",-1,73.7
hypochlorous_acid,-534.01720446,12,0.6017497,"[-100.36467677, -18.68201187, -9.18265449, -7.04634271, -7.02889155, -7.0284736, -0.99102958, -0.7343942, -0.49743866, -0.41407932, -0.37190617, -0.28486181, -0.2485005]","[0.010577, 0.010916, -2e-06, -0.004415, -0.012139, 0.0, 0.00206, 0.002569, 0.000304]",-1,58.6
lithium_hydride,-7.91961413,10,2.208204,"[-1.84157104, -0.16132813]","[0.0, 0.0, 0.000765, -0.0, -0.0, -0.000724]",-1,7.8
monosulfur_monofluoride,-496.04864882,13,0.222829,"[-87.81367032, -24.15558825, -7.72203585, -5.78112559, -5.77902808, -5.7619733, -1.151426, -0.66971776, -0.4731287, -0.45592202, -0.43989373, -0.26863918, -0.2336224]","[0.000191, -0.000181, -0.003465, 3e-06, -0.0, 0.003645]",-1,103.4
ammonia,-56.1104214,10,0.6010884,"[-13.83792326, -0.77448036, -0.41708726, -0.41707037, -0.23076354]","[-0.000574, 0.0, -0.003611, 0.008101, -0.0, 0.00197, -0.004032, -0.006986, 0.001952, -0.004031, 0.006986, 0.001952]",-1,16.0
boron_monofluoride,-123.80677601,10,0.410563,"[-24.18687074, -6.54571547, -1.19398519, -0.56707467, -0.48427268, -0.48427266, -0.25133779]","[-0.0, -0.0, -0.009863, -0.0, -0.0, 0.009285]",-1,25.1
carbon_tetrafluoride,-434.88407073,12,4.832445e-06,"[-24.16077294, -24.16076955, -24.16076357, -24.16075219, -10.11436479, -1.28473608, -1.1670777, -1.16707572, -1.16707131, -0.67556445, -0.59910625, -0.59910533, -0.59910323, -0.46178214, -0.46178198, -0.44068469, -0.44068416, -0.44068393, -0.39136233, -0.39136017, -0.39135916]","[-1.1e-05, 0.0, 3e-06, -0.002039, -0.002236, -0.002227, 0.002194, 0.002136, -0.002164, 0.002215, -0.002159, 0.002172, -0.002249, 0.002262, 0.002065]",-1,134.8
silicon_diatomic,-576.59294443,11,5.374134e-06,"[-65.15303541, -65.15300991, -5.04812414, -5.04797643, -3.49132499, -3.4913249, -3.49124135, -3.49124128, -3.48193061, -3.48096513, -0.48743774, -0.3425691, -0.21539273, -0.21539271, -0.19503234]","[-0.000129, -6.7e-05, 0.004021, 0.000338, 0.000144, -0.004032]",-1,106.9
acetylene,-76.63100444,10,1.262684e-07,"[-9.79635277, -9.79404809, -0.68025486, -0.51445894, -0.449864, -0.27087319, -0.27087319]","[0.0, -0.0, 0.012127, 0.0, -0.0, -0.012127, 0.0, 0.0, -0.008192, 0.0, 0.0, 0.008192]",-1,27.0
phosphorus_trichloride,-1716.48467732,13,0.1809481,"[-100.34519426, -100.3451842, -100.34515179, -76.12376099, -9.16802026, -9.16800622, -9.16799576, -7.02459369, -7.02457848, -7.02457733, -7.01707946, -7.01706286, -7.01706186, -7.01674084, -7.01672393, -7.01672312, -6.38574049, -4.63483739, -4.63483719, -4.62983435, -0.83715895, -0.77500397, -0.77499551, -0.56471429, -0.42704352, -0.4270381, -0.38504347, -0.33964645, -0.33964622, -0.307196, -0.30719086, -0.29628081, -0.26487471]","[0.000189, -3.5e-05, 1.3e-05, 0.002022, 6.1e-05, -0.000648, -0.001143, -0.001985, -0.000746, -0.00111, 0.002026, -0.000711]",-1,230.6
magnesium_monochloride,-657.94797293,12,1.318982,"[-100.26952413, -46.01787397, -9.09292509, -6.94626723, -6.94344588, -6.94344584, -2.95105767, -1.767291, -1.76729093, -1.76405967, -0.6952069, -0.30936885, -0.26486969, -0.26486965, -0.18212798]","[1.1e-05, -9e-06, -0.001589, -0.000504, -0.000106, 0.001932]",-1,122.0
carbon_disulfide,-831.50806612,11,1.233603e-06,"[-87.75648074, -87.75645893, -9.9013682, -7.67320838, -7.67320538, -5.72630113, -5.72629954, -5.72238417, -5.72238412, -5.72238343, -5.72238337, -0.78509681, -0.70744821, -0.46499463, -0.39474096, -0.35914256, -0.35914255, -0.2547122, -0.25471219]","[0.0, -2e-06, 0.0, -0.000136, -0.000294, 0.003915, -1.1e-05, -0.000324, -0.003902]",-1,87.3
magnesium_monofluoride,-298.45309864,13,1.269255,"[-45.99666294, -23.99501553, -2.93172778, -1.748424, -1.7484239, -1.74436425, -0.96002324, -0.32123524, -0.29308807, -0.29308803, -0.18126043]","[-1e-05, 9e-06, -0.000913, -8e-06, 2.4e-05, 0.001869]",-1,84.3
methyl_radical,-39.44691162,10,3.418647e-06,"[-9.80031147, -0.61780542, -0.38047001, -0.38046958, -0.19823572]","[-0.0, -0.0, -0.000197, -0.0, 0.0, -0.006451, -0.0, 0.005622, 0.003239, 0.0, -0.005622, 0.003239]",-1,25.6
ethylene,-77.86312537,10,2.016886e-07,"[-9.78645492, -9.78575524, -0.68682507, -0.52077888, -0.42478601, -0.3752692, -0.31393578, -0.25450191]","[-0.0, -0.0, 0.022172, 0.0, 0.0, -0.022172, -0.0, -0.003573, -0.002818, 0.0, 0.003573, -0.002818, 0.0, -0.003573, 0.002818, 0.0, 0.003573, 0.002818]",-1,27.8
trifluoroacetate_anion,-522.95287398,21,1.854407,"[-23.9620577, -23.96205374, -23.9610496, -18.38767757, -18.38657081, -9.84395779, -9.70081664, -1.0407466, -0.95204993, -0.95187165, -0.76765654, -0.69103277, -0.4866962, -0.38970004, -0.3777208, -0.37506277, -0.25647458, -0.25621907, -0.24602107, -0.22288826, -0.21529878, -0.19899172, -0.19536969, -0.1887671, -0.18043193, -0.05822728, -0.03968335, -0.03531489]","[-0.001231, 0.000915, 3e-06, 0.006821, -0.00034, 2e-06, 0.001126, 0.002792, 6e-06, 0.001235, -0.001777, 0.002783, 0.001199, -0.00177, -0.002756, -0.00483, 0.010233, 4e-06, -0.004245, -0.010284, 1e-06]",-1,234.9
bromoform,-7750.42621919,20,0.3374405,"[-480.16802925, -480.16798477, -480.16797048, -61.69630985, -61.69626954, -61.69626699, -55.66701598, -55.66697984, -55.66696517, -55.66267003, -55.66264162, -55.66262466, -55.66258734, -55.66258079, -55.66254433, -9.95185407, -8.39662558, -8.39658207, -8.3965817, -6.29441476, -6.29437049, -6.29436994, -6.28241038, -6.2823643, -6.28236382, -6.2823199, -6.28227944, -6.28227894, -2.51609964, -2.51605262, -2.51603526, -2.51295174, -2.51291363, -2.51288621, -2.51287801, -2.51283875, -2.51282952, -2.5038998, -2.50389966, -2.50385886, -2.50385801, -2.50385554, -2.50385463, -0.82224938, -0.73581395, -0.73579117, -0.58720005, -0.44547433, -0.41699514, -0.41698152, -0.30051891, -0.30051115, -0.27614543, -0.2755099, -0.27549529, -0.25784057]","[-6.5e-05, -8e-06, -0.007821, -9e-06, -0.0, 0.010613, -0.002126, 0.0002, 0.001175, 6.9e-05, -0.000438, -2.1e-05, -0.000135, 0.000401, 3.3e-05]",-1,695.8
nitrogen_trifluoride,-351.97972311,13,0.0359432,"[-24.17527339, -24.1752236, -24.1752225, -14.15445816, -1.28491068, -1.15248601, -1.15245698, -0.76102872, -0.59971332, -0.5996982, -0.5374438, -0.45038205, -0.45037843, -0.40586431, -0.40584617, -0.38835875, -0.31594161]","[-0.000104, -1e-06, 0.010738, 0.000736, 4e-06, -0.002575, -0.000157, -0.000601, -0.002423, -0.000165, 0.000597, -0.002421]",-1,85.7
phosphorus_tetramer,-1360.60587173,13,0.0001274528,"[-76.02785418, -76.02784963, -76.02783537, -76.02782985, -6.29909395, -6.29898814, -6.29898328, -6.29897872, -4.54683584, -4.54637357, -4.54636927, -4.54636507, -4.54556457, -4.54556369, -4.5455125, -4.54550975, -4.545509, -4.54537936, -4.54537622, -4.54537265, -0.74074741, -0.49524475, -0.49523947, -0.495233, -0.32390612, -0.27623913, -0.27623488, -0.27622852, -0.24743067, -0.24743012]","[0.012571, 0.005293, -0.000137, -0.008347, 0.010927, -0.000131, -0.002069, -0.008399, -0.012057, -0.002081, -0.008673, 0.011923]",-1,173.3
phosphorus_monochloride,-798.83754614,12,0.1107947,"[-100.35191619, -76.05924823, -9.17345676, -7.02892608, -7.02344213, -7.02344205, -6.32846408, -4.57693268, -4.57645637, -4.57645636, -0.79950857, -0.54667551, -0.36467277, -0.34724994, -0.34724993, -0.20749177, -0.20749176]","[-0.000305, -0.000201, -0.007154, -7.8e-05, 0.000254, 0.004729]",-1,139.6
mercapto_radical,-397.38231918,11,0.3072181,"[-87.75846353, -7.67311525, -5.73349253, -5.72459298, -5.71561863, -0.67343774, -0.37751432, -0.28636603, -0.24647716]","[-0.000378, 6.1e-05, 0.008488, 0.0, 0.0, -0.008241]",-1,67.8
pentane,-195.95799606,11,0.03781613,"[-9.77296032, -9.77295542, -9.77073937, -9.76439954, -9.76439874, -0.72822839, -0.67900445, -0.60706318, -0.53419002, -0.51527138, -0.43104718, -0.39636255, -0.38776074, -0.36590487, -0.35000961, -0.33281766, -0.31334711, -0.29095731, -0.28857813, -0.27980503, -0.27766719]","[0.0, -4e-06, 0.016462, 0.0, -0.000338, -0.016144, -0.0, 0.000339, -0.016144, 0.0, 0.011653, 0.00853, 0.0, -0.011653, 0.00853, -0.005681, -0.0, -0.00462, 0.005681, -0.0, -0.00462, -0.005646, 0.000313, 0.004585, 0.005646, 0.000313, 0.004585, 0.005646, -0.000313, 0.004585, -0.005646, -0.000313, 0.004585, 0.0, -0.005868, 0.00371, 0.0, 0.005868, 0.00371, 0.005704, -0.000245, -0.004382, -0.005704, -0.000245, -0.004382, -0.005704, 0.000245, -0.004382, 0.005704, 0.000245, -0.004382]",-1,111.4
isopropyl_alcohol,-192.78327616,11,0.6380818,"[-18.60530964, -9.83439549, -9.77371182, -9.76736531, -0.92912047, -0.70115212, -0.62399012, -0.52816536, -0.46864651, -0.41182794, -0.39392003, -0.34932873, -0.33996835, -0.32826735, -0.31467204, -0.2876373, -0.23330673]","[-0.006735, 0.008381, 0.003154, 0.013, -0.000742, -0.001814, -0.004634, -0.003564, 0.010769, -0.004082, -0.007078, -0.009259, 0.001262, -0.000859, -0.000512, -0.004649, -0.000768, -0.000127, 0.00507, 0.00026, 0.000122, 0.005049, 0.000425, -0.000241, -0.001338, -0.002498, -0.003506, -0.001333, -0.00176, 0.003552, -0.001314, 0.003706, -0.000403, -0.001657, 0.003956, -0.000387]",-1,75.6
glyoxal_trans,-226.15959679,13,1.139546e-06,"[-18.6590351, -18.65903244, -9.90785544, -9.90771984, -1.00690398, -0.99433691, -0.65201586, -0.54626324, -0.45445488, -0.44992543, -0.42925789, -0.41898993, -0.38201308, -0.29562486, -0.23974597]","[-0.003433, -0.007466, 1e-06, 0.003434, 0.007465, 1e-06, -0.006328, -0.004726, 0.0, 0.006328, 0.004726, -0.0, 0.016634, 0.011719, -4e-06, -0.016634, -0.011719, -8e-06]",-1,77.8
ethanol,-153.81439194,11,0.641284,"[-18.60481315, -9.82314626, -9.77021699, -0.92855258, -0.67965998, -0.54666571, -0.47012039, -0.42449734, -0.36371511, -0.34373253, -0.32479362, -0.29503532, -0.23045213]","[-0.018377, 0.017288, 1e-06, -0.005304, -0.024659, 1e-06, 0.003355, 0.006711, -7.5e-05, -0.002583, -0.004438, 1e-06, 0.004326, -0.004621, 0.0, 0.004742, -0.003889, -0.005521, 0.004742, -0.003889, 0.005521, 0.003908, 0.009363, -0.009485, 0.003908, 0.009363, 0.009485]",-1,53.4
nitrogen_monofluoride,-153.43870027,14,0.1344819,"[-24.20049734, -14.01772173, -1.22412005, -0.73505525, -0.49464194, -0.49464185, -0.48046552, -0.25963576, -0.25963574]","[-2.7e-05, 1.3e-05, -0.00925, 0.000257, 0.000179, 0.010403]",-1,56.2
vinyl_chloride,-536.04281534,13,0.5228796,"[-100.32740292, -9.85170371, -9.79645253, -9.149373, -7.0074811, -6.99802196, -6.99708471, -0.80516113, -0.6812753, -0.52980298, -0.4486669, -0.41031556, -0.34928598, -0.33940359, -0.28153631, -0.24189577]","[0.005708, 0.013164, -1e-06, -0.018171, -0.013303, 1e-06, 0.007907, -0.005563, 0.00011, -0.001294, -0.001177, -0.0, 6.9e-05, 0.008441, 0.0, 0.0077, -0.003225, -0.0]",-1,83.9
ammonia_oxide,-130.75744695,12,2.030176,"[-18.5363055, -14.00050048, -0.96981724, -0.73432609, -0.52501997, -0.52501677, -0.38543601, -0.17538645, -0.17538534]","[2e-06, -0.000496, -0.032812, 3.3e-05, 3.6e-05, 0.015871, -0.0, -0.013202, 0.006814, -0.011462, 0.006618, 0.00682, 0.011462, 0.006618, 0.00682]",-1,32.6
methylenecyclopropane,-154.56651154,12,0.1750633,"[-9.80279598, -9.79559916, -9.79548184, -9.77856798, -0.79310777, -0.64366358, -0.55155564, -0.48078688, -0.43591563, -0.42457179, -0.38245465, -0.33064104, -0.28433537, -0.26074396, -0.23414739]","[2e-06, 0.0, 0.018268, 1e-06, -0.0, -0.016531, 0.0, 0.010089, -0.007695, 0.0, -0.010089, -0.007695, 0.0, -0.005864, 0.001673, 0.0, 0.005864, 0.001673, -0.002847, 0.001005, 0.002783, 0.002847, 0.001005, 0.002783, 0.002847, -0.001005, 0.002783, -0.002847, -0.001005, 0.002783]",-1,62.7
oxygen_monofluoride,-173.8009629,15,0.098423,"[-24.21268221, -18.76994281, -1.2305334, -0.86566533, -0.54196628, -0.50608658, -0.47666938, -0.33497556, -0.28745074]","[-8e-06, 1.7e-05, -0.011934, 0.000111, -3.5e-05, 0.021791]",-1,71.5
methylamine,-95.05408181,11,0.5040617,"[-13.84100448, -9.79346177, -0.79507068, -0.59379696, -0.44454377, -0.39864458, -0.36194639, -0.32452238, -0.20055423]","[-0.000164, 0.016027, -0.0, 0.00336, -0.014309, -0.0, -0.00543, -0.002236, -0.0, 0.003066, -0.002379, -0.004589, 0.003066, -0.002379, 0.004589, -0.002645, 0.002647, 0.005941, -0.002645, 0.002647, -0.005941]",-1,32.6
hydrogen_chloride,-459.34096582,12,0.4360763,"[-100.32624625, -9.14974776, -7.00762526, -6.99777754, -6.99777751, -0.77561622, -0.43427432, -0.29940105, -0.29940105]","[-1e-06, 0.0, 0.008986, -0.000583, -0.000562, -0.011068]",-1,38.7
ethanethiol,-475.9454136,12,0.6469152,"[-87.71310918, -9.81654397, -9.78369504, -7.63012353, -5.68523469, -5.68161125, -5.67463344, -0.73246129, -0.64081805, -0.54219334, -0.42156977, -0.41911283, -0.3550652, -0.32895277, -0.32408264, -0.29592846, -0.20759696]","[0.012806, 0.011969, 1e-06, -0.005494, -0.015839, -0.0, -0.011532, -0.013245, 0.000666, -0.003078, 0.000343, -0.0, -0.000417, -0.002779, -0.004101, -0.000417, -0.002779, 0.004101, 0.000348, 0.003235, -0.004636, 0.000348, 0.003236, 0.004636, 0.010555, 0.01264, -0.0]",-1,97.6
acetamide,-207.61235395,13,1.505817,"[-18.57651355, -13.89005948, -9.88732158, -9.79887296, -0.94628965, -0.8229907, -0.66718405, -0.53558225, -0.48929399, -0.42361645, -0.40847979, -0.36386603, -0.35466108, -0.33302082, -0.24871125, -0.21860404]","[-0.001736, -0.000981, 0.001333, 0.002971, -0.003036, -0.000277, -0.008938, 0.006114, -0.002376, -0.000905, -0.008419, 0.000224, 0.011776, -0.012558, -0.001487, 0.000734, 0.007216, -0.011405, 0.001043, 0.006438, 0.011745, -0.004773, 0.000309, 0.000796, -9e-06, 0.006045, 0.001473]",-1,72.7
nitromethane,-243.29136768,14,1.380347,"[-18.65328224, -18.65224598, -14.09990933, -9.84976596, -1.14613516, -0.98289257, -0.75431588, -0.56710443, -0.51838458, -0.49798618, -0.47936269, -0.41113916, -0.39980975, -0.30142641, -0.27948553, -0.26078783]","[0.0, 0.005355, 0.012653, 3e-06, 0.000176, 0.007605, 0.0, 0.00382, -0.002292, -0.003217, -0.004795, -0.002476, 0.003217, -0.004795, -0.002476, 0.0, 0.008168, -0.007738, -3e-06, -0.007798, -0.005404]",-1,89.0
hydrogen_sulfide,-398.03091622,11,0.3974999,"[-87.72527156, -7.64391019, -5.69855228, -5.69525217, -5.68853645, -0.68335429, -0.40853142, -0.33525155, -0.23531047]","[-0.000555, -0.000234, 0.020973, -0.0, -0.008543, -0.00913, 0.0, 0.008543, -0.00913]",-1,39.4
monosodium_sulfide,-558.30134978,12,3.120876,"[-87.66080081, -37.73454256, -7.57435528, -5.63586141, -5.6220595, -5.61986618, -2.08040827, -1.07839246, -1.07768461, -1.07614359, -0.54266383, -0.20527546, -0.18981299, -0.16887013]","[-3e-06, -2e-06, -0.003568, 0.000655, -0.000977, 0.001297]",-1,110.0
silicon_nitride,-342.57964057,19,1.15094,"[-65.16836224, -13.89863364, -5.06606009, -3.50589104, -3.50556063, -3.50556053, -0.71687868, -0.39236511, -0.28359338, -0.2697179, -0.26971785]","[0.000114, -9.4e-05, -0.012314, -3e-06, 7e-06, 0.008481]",-1,114.0
hydrogen_cyanide,-92.66065201,11,1.181577,"[-13.89142502, -9.84346131, -0.84295027, -0.55652723, -0.33934593, -0.33934592, -0.33791908]","[0.0, -0.0, 0.025103, 0.0, -0.0, -0.011072, -0.0, 0.0, -0.014632]",-1,24.6
carbonyl_sulfide,-509.39843382,12,0.3376241,"[-87.76054004, -18.69114217, -9.93689744, -7.67730668, -5.73201632, -5.72563679, -5.72563676, -1.04682647, -0.75685218, -0.49510312, -0.43819709, -0.43819706, -0.4328444, -0.28107594, -0.28107591]","[-3e-06, -2e-06, 0.004731, -0.0, 3e-06, 0.000875, 0.001167, 0.000227, -0.002804]",-1,70.2
chlorine_trifluoride,-756.38321424,16,0.2302731,"[-100.55126127, -24.18574139, -24.11646959, -24.11646918, -9.35002385, -7.21139465, -7.20999266, -7.1906565, -1.21638577, -1.10068176, -1.09868971, -0.81879497, -0.57623013, -0.57042494, -0.51049566, -0.45552036, -0.40678965, -0.40466154, -0.39211801, -0.37071245, -0.36119253, -0.29970635]","[7e-05, 4.9e-05, 0.000979, 0.0, -1e-06, 0.005836, 6e-06, -0.001613, -0.001263, 9e-06, 0.001615, -0.001262]",-1,137.8
ethanol_radical,-153.13704588,14,0.8888351,"[-18.64896357, -9.84796039, -9.77626398, -0.92489114, -0.67556399, -0.55998698, -0.45690912, -0.41606903, -0.37611737, -0.34485852, -0.34461581, -0.28381623, -0.2366683]","[-0.003509, 0.021997, -0.0, 0.009522, -0.074377, -2e-06, 0.003415, 0.033817, 8e-06, -0.008499, 0.009927, -0.004782, -0.008499, 0.009928, 0.004782, 0.008947, 0.001228, -0.0, -0.000622, -0.002218, -0.003653, -0.000622, -0.002218, 0.003653]",-1,108.3
phosphorus_trifluoride,-638.05447052,13,0.1389818,"[-76.1306007, -24.1448683, -24.14484911, -24.14484691, -6.39115619, -4.64111393, -4.6411134, -4.6335135, -1.19800707, -1.14300936, -1.14300195, -0.62396082, -0.52937653, -0.52937343, -0.49483243, -0.45848833, -0.45848517, -0.41951257, -0.41950796, -0.4031542, -0.27514186]","[-0.00012, -0.000672, -0.053971, 1e-06, -0.019357, 0.018767, -0.01727, 0.009789, 0.018876, 0.017279, 0.009789, 0.018873]",-1,112.4
nitrogen_diatomic,-108.69988114,9,8.539562e-06,"[-13.96662804, -13.96522787, -1.03795171, -0.49380857, -0.43708014, -0.43708014, -0.38267722]","[2e-06, -0.0, -0.005252, 2e-06, 0.0, 0.005252]",-1,20.9
acetone,-191.60039575,13,1.234138,"[-18.59840892, -9.87823436, -9.78963655, -9.78963619, -0.94612815, -0.70252868, -0.64616372, -0.48149988, -0.42418875, -0.41926532, -0.40812087, -0.36602524, -0.35507477, -0.33955941, -0.3207986, -0.21387318]","[-2e-06, 5e-06, 0.027085, -0.0, -1e-06, -0.014211, -0.0, 0.010385, -0.009446, -0.0, -0.010384, -0.009445, -0.0, -0.003476, -0.002683, -0.0, 0.003476, -0.002683, 0.003181, 0.000454, 0.003172, -0.003181, 0.000454, 0.003172, -0.003181, -0.000454, 0.003172, 0.003181, -0.000454, 0.003172]",-1,87.5
glycine_zwitterion,-282.32026064,15,3.909007,"[-18.54905812, -18.53676186, -14.00716797, -9.85682507, -9.85053046, -0.95686784, -0.9200728, -0.85145385, -0.67735655, -0.5802343, -0.5605308, -0.48032847, -0.44155712, -0.40893533, -0.37284931, -0.34086504, -0.33162915, -0.21517054, -0.2042314, -0.18823137]","[0.003852, -0.002517, -0.0, 0.004343, 0.018514, -0.0, 0.002956, -0.003786, -1e-06, 0.003024, 0.001428, -1e-05, -0.014253, -0.014221, 0.0, -0.000573, -0.003794, -0.006016, -0.000573, -0.003794, 0.006016, -0.004122, 0.006757, -0.006982, -0.004122, 0.006757, 0.006982, 0.008298, -0.005331, -0.0]",-1,119.5
hexane,-234.91794111,11,3.680738e-07,"[-9.77300062, -9.77300049, -9.77106646, -9.77092576, -9.76433653, -9.76433012, -0.73270799, -0.69584206, -0.63895158, -0.57182041, -0.51886269, -0.51614393, -0.43514897, -0.40195005, -0.39542299, -0.38018657, -0.35551751, -0.34227103, -0.33690536, -0.31064493, -0.30112836, -0.28804756, -0.28335758, -0.27718596, -0.27442005]","[-0.012279, -0.007719, 0.0, 0.012279, 0.007719, -0.0, -0.001402, -0.0164, 0.0, 0.001402, 0.0164, -0.0, -0.001403, -0.016284, 0.0, 0.001403, 0.016284, 0.0, -0.005554, 0.00409, -0.0, 0.005554, -0.00409, -0.0, 0.000565, 0.004386, -0.005707, 0.000565, 0.004386, 0.005707, -0.000565, -0.004386, 0.005707, -0.000565, -0.004386, -0.005707, -0.000643, -0.004544, 0.005646, -0.000643, -0.004544, -0.005646, 0.000643, 0.004544, 0.005646, 0.000643, 0.004544, -0.005646, 0.000373, 0.004607, -0.005651, 0.000373, 0.004607, 0.005651, -0.000373, -0.004607, 0.005651, -0.000373, -0.004607, -0.005651]",-1,145.6
pyridine,-246.1781464,11,0.9049333,"[-13.86688204, -9.82486343, -9.82486218, -9.81342267, -9.80439076, -9.80438327, -0.86211533, -0.73476359, -0.69370679, -0.57480716, -0.57260906, -0.48546374, -0.44274881, -0.42262349, -0.38834645, -0.37329447, -0.36450589, -0.32652324, -0.27678264, -0.25477169, -0.22222672]","[7e-06, 1e-06, 0.018326, -3e-06, 0.0, -0.014654, 1e-06, 0.015818, 0.002569, 3e-06, -0.015818, 0.002569, 1e-06, -0.011922, -0.006238, 3e-06, 0.011922, -0.006238, -0.0, 0.0, 0.003993, 0.0, -0.004355, -0.002353, 0.0, 0.004355, -0.002353, -0.0, 0.003833, 0.001897, -0.0, -0.003833, 0.001897]",-1,99.8
silane,-290.69041807,11,1.096038e-06,"[-65.10995721, -5.01449089, -3.4530998, -3.45309973, -3.45309967, -0.49718638, -0.31337734, -0.31337731, -0.31337726]","[0.000175, -1.1e-05, 9.2e-05, -0.002291, -0.002291, -0.002291, 0.002291, 0.002291, -0.002291, 0.002291, -0.002291, 0.002291, -0.002291, 0.002291, 0.002291]",-1,39.4
isobutylene,-155.79696137,11,0.2559106,"[-9.79798526, -9.77574256, -9.77574101, -9.76477584, -0.73122139, -0.62526102, -0.61062628, -0.46931471, -0.40880404, -0.40060724, -0.39193289, -0.34496286, -0.32629989, -0.32413275, -0.30179305, -0.22311546]","[-3e-06, -0.0, 0.015291, -2e-06, 0.0, -0.000352, 1e-06, 0.01153, -0.008866, 1e-06, -0.01153, -0.008867, 0.0, -0.005147, -0.001498, 0.0, 0.005147, -0.001498, 0.0, -0.002919, -0.002706, -0.003279, 0.000294, 0.003149, 0.003279, 0.000294, 0.003149, 0.0, 0.002919, -0.002706, 0.003279, -0.000294, 0.003149, -0.003279, -0.000294, 0.003149]",-1,66.7
fluorine_diatomic,-198.35406152,12,5.405614e-07,"[-24.20440782, -24.2044076, -1.24588392, -1.0080753, -0.57954531, -0.48120408, -0.48120408, -0.35445833, -0.35445833]","[-3e-05, -2.6e-05, -0.021798, -2e-05, 1e-06, 0.021798]",-1,35.3
ethylamine,-134.01757504,11,0.5324978,"[-13.84152393, -9.80234102, -9.77104549, -0.80160273, -0.65790241, -0.54846538, -0.4517748, -0.39820179, -0.36893055, -0.36860526, -0.32120215, -0.29672695, -0.2054661]","[-0.010199, 0.006345, 0.0, -0.002186, -0.012755, 0.0, 0.012122, 0.005677, 1e-06, 0.00358, 0.002571, 0.0, 0.000167, -0.002624, -0.003555, 0.000167, -0.002624, 0.003555, 0.000266, 0.003305, 0.003424, 0.000266, 0.003305, -0.003424, -0.001461, -0.001961, -0.003559, -0.001461, -0.001961, 0.003559]",-1,52.8
aluminum_diatomic,-482.71411309,11,2.105572e-05,"[-55.1393565, -55.13934271, -3.92028785, -3.92024507, -2.55203239, -2.55199632, -2.54947339, -2.54943735, -2.54786234, -2.54742996, -0.34782041, -0.25429892, -0.14314128, -0.14268267]","[1.5e-05, -9e-05, 0.000721, 4.2e-05, 9.9e-05, -0.00064]",-1,95.6
methyl_nitrite,-243.27839125,14,0.9632651,"[-18.69753822, -18.68122276, -14.03306825, -9.84971241, -1.11899139, -0.97493346, -0.70672909, -0.57194826, -0.50894927, -0.47817943, -0.46522563, -0.40430154, -0.38005184, -0.34089373, -0.30326133, -0.24903807]","[-0.007946, -0.013961, -2e-06, 0.000297, 0.011207, -6e-06, 0.010745, -0.035249, -1e-05, 0.00512, -0.001376, -0.0, -0.002096, 0.002806, -0.003997, -0.002096, 0.002806, 0.003997, -0.000738, 0.044718, -0.0]",-1,69.4
isobutane,-157.00118373,11,0.06071513,"[-9.78566813, -9.76533237, -9.76531285, -9.76530912, -0.72860695, -0.61213849, -0.61212928, -0.4994491, -0.41921789, -0.38811521, -0.38811169, -0.33913275, -0.33912392, -0.31728778, -0.29022859, -0.29022724, -0.28033033]","[6.3e-05, 0.0, -0.010079, -0.01118, -1e-06, 0.004448, 0.005929, -0.009832, 0.00456, 0.005929, 0.009832, 0.004561, 3e-06, 0.0, 0.004362, -0.00013, 0.0, -0.004771, 0.001995, -0.003533, 0.001136, 0.001995, 0.003533, 0.001136, 6.6e-05, -0.000117, -0.004764, 0.002061, 0.003497, 0.001134, -0.004057, -4e-05, 0.001137, 6.6e-05, 0.000117, -0.004764, -0.004057, 4e-05, 0.001137, 0.002061, -0.003497, 0.001134]",-1,74.5
boron_trifluoride,-322.57464377,11,1.079202e-05,"[-24.13414681, -24.13411224, -24.13409921, -6.58188427, -1.17181965, -1.13329983, -1.13328296, -0.55460761, -0.52350165, -0.52349437, -0.49003754, -0.42058917, -0.42058027, -0.41458143, -0.4145634, -0.37826539]","[-0.0, -5.2e-05, 1e-06, 1e-06, -0.000229, 4e-06, 3e-06, -1.1e-05, -0.000111, 1e-06, -4e-06, 0.000108]",-1,67.2
nitrosyl_chloride,-587.76333536,17,0.6407021,"[-100.32212748, -18.77728744, -14.08150798, -9.14336373, -7.0001038, -6.99397174, -6.9910691, -1.20591039, -0.76083958, -0.63769866, -0.52579817, -0.52191806, -0.48766662, -0.29825683, -0.28703105, -0.27879583]","[0.003318, 0.003078, 0.000243, -0.001647, -0.012491, -4e-06, -0.007159, 0.009829, -4e-06]",-1,90.6
silicon_monophosphide,-628.39720015,12,0.5760857,"[-76.0215319, -65.18298899, -6.29270027, -5.07649424, -4.54379186, -4.53801465, -4.53801463, -3.51740085, -3.51594203, -3.51594199, -0.56048648, -0.39130232, -0.2565875, -0.22820617, -0.22820616]","[2e-05, 4e-06, -0.043419, -3.4e-05, 0.000121, 0.043409]",-1,120.7
pyrrole,-208.4041567,11,0.7330184,"[-13.9092934, -9.80157105, -9.80156729, -9.76769098, -9.76732975, -0.89515777, -0.70139065, -0.65037681, -0.53770574, -0.51118561, -0.49140595, -0.38678448, -0.37964289, -0.37260749, -0.34297783, -0.33548553, -0.22565596, -0.19591589]","[-4e-06, 1e-06, 0.026751, -1e-06, 0.0, -0.016454, -4e-06, 0.014566, 0.005136, -4e-06, -0.014566, 0.005135, -5e-06, 0.006409, -0.016513, -2e-06, -0.006409, -0.016513, -0.0, -0.006679, -0.003306, -0.0, 0.006679, -0.003306, -1e-06, -0.004708, 0.006315, -0.0, 0.004708, 0.006315]",-1,77.0
aluminum_monoxide,-316.0994772,19,1.685893,"[-55.15045629, -18.57791894, -3.93610367, -2.56602838, -2.56602825, -2.56329411, -0.79788456, -0.33228672, -0.25436636, -0.25436632, -0.24425511]","[-1.1e-05, 0.000108, -0.003755, -1e-05, -2e-06, 0.005455]",-1,115.7
trifluoromethane,-336.1843258,11,0.5384155,"[-24.14015423, -24.14010739, -24.14010586, -10.02891749, -1.22317411, -1.13781598, -1.13778617, -0.66116222, -0.56095358, -0.55647618, -0.55646341, -0.42968977, -0.42968518, -0.39745509, -0.39743798, -0.37333118, -0.34864911]","[-0.000115, -0.0, 0.017508, 1e-06, -0.0, 0.005084, -0.006016, 2e-06, -0.006904, 0.00294, -0.005194, -0.006789, 0.002944, 0.005206, -0.006789]",-1,80.6
silicon_monofluoride,-387.60391156,12,0.2862,"[-65.18633994, -24.11258499, -5.07801588, -3.5223644, -3.51641069, -3.51599298, -1.10266863, -0.50011126, -0.41615833, -0.41268855, -0.33263525, -0.14344893]","[0.000153, -8.9e-05, 0.002391, -1e-06, 1e-05, -0.001377]",-1,101.4
ethyl_chloride,-537.25331294,12,0.8162545,"[-100.30529922, -9.84084262, -9.78659798, -9.12752203, -6.9858667, -6.97560099, -6.97551532, -0.78541334, -0.6749682, -0.55939908, -0.43398797, -0.41612026, -0.37496136, -0.33689086, -0.33510374, -0.26191952, -0.25935983]","[-0.000496, 0.000853, 0.000476, -0.012082, -0.008518, 8.1e-05, 0.001809, 0.01454, -0.001129, 0.006422, -0.002294, -5e-06, 0.000436, 0.003397, 0.005049, 0.000402, 0.003448, -0.005031, -0.000935, -0.004296, 0.006345, 0.000179, -0.004718, -0.006014]",-1,85.5
bicyclo[1.1.0]butane,-154.56097954,13,0.2963935,"[-9.79986486, -9.79967228, -9.79660732, -9.79659499, -0.84699409, -0.62056522, -0.51754226, -0.51526011, -0.46990028, -0.38628505, -0.38312065, -0.33021841, -0.29218289, -0.28701357, -0.21561673]","[-0.0, 0.020724, -0.008526, 0.0, -0.020724, -0.008525, 0.017462, 0.0, 0.00715, -0.017462, 0.0, 0.00715, 0.00601, 0.0, -0.004088, -0.00601, 0.0, -0.004088, 0.001249, -0.0, -0.002893, -0.001249, -0.0, -0.002893, -0.0, -0.00625, 0.008328, 0.0, 0.00625, 0.008328]",-1,82.8
silyl_radical,-290.05099483,11,0.01253733,"[-65.12660939, -5.0293465, -3.4720103, -3.46681447, -3.4668142, -0.49397365, -0.32336518, -0.32336417, -0.19528372]","[-0.00014, -8.9e-05, -0.005326, -0.008937, 0.0, 0.001785, 0.004468, -0.007739, 0.001784, 0.004468, 0.007739, 0.001784]",-1,68.0
cyclopentane,-194.78200919,11,0.01204995,"[-9.77081933, -9.77068239, -9.77053217, -9.7704755, -9.77022952, -0.75663369, -0.63428079, -0.63387878, -0.50807289, -0.49806417, -0.43339252, -0.4323002, -0.3688484, -0.36730592, -0.29779001, -0.29704048, -0.29651345, -0.29414982, -0.28137641, -0.2694149]","[0.008995, -0.009815, -0.008471, 0.004893, 0.014635, -7.8e-05, 0.000586, 0.004044, 0.014471, -0.005962, -0.01226, 0.007043, -0.008498, 0.003837, -0.012538, -0.0066, -0.00232, 0.000775, 0.003853, -0.005906, -0.000499, 0.005324, -0.001753, -0.004309, -0.005655, -0.000542, -0.004199, 0.006748, 0.002015, -0.000292, -0.003498, 0.004997, -0.003581, 0.002333, 0.005264, 0.004067, -0.007001, 9.9e-05, 0.000561, 0.006999, 0.000307, 0.000744, -0.00247, -0.002395, 0.006145]",-1,112.4
dimethyl_sulfoxide,-550.66977889,14,1.550308,"[-87.81062134, -18.57124831, -9.80751893, -9.80751686, -7.71399471, -5.76793576, -5.76766184, -5.76137873, -0.93201545, -0.72727655, -0.66043043, -0.54655825, -0.43857987, -0.42131079, -0.41668882, -0.38611415, -0.36707, -0.35872278, -0.32097971, -0.24555126, -0.2030064]","[-0.00273, 0.002475, 0.00025, 0.000298, -0.000812, 1e-06, -0.004072, -0.012769, 0.028684, -0.004072, -0.012769, -0.028685, 0.004146, 0.017296, -0.025455, 0.004146, 0.017296, 0.025455, 0.001532, -0.005587, 0.003504, -0.001887, 0.001316, -0.002484, 0.001532, -0.005587, -0.003504, -0.001887, 0.001316, 0.002484]",-1,133.3
trifluoroacetic_acid,-523.4663675,13,0.7197375,"[-24.1563634, -24.1563601, -24.1524825, -18.69097945, -18.64408137, -10.05764339, -9.95492527, -1.24603747, -1.15660774, -1.15383146, -1.05922137, -0.97389546, -0.71288807, -0.62926466, -0.57946773, -0.57824187, -0.55278045, -0.46699189, -0.45760095, -0.44782314, -0.44096938, -0.42852052, -0.40815278, -0.40486068, -0.3856478, -0.37492687, -0.33050712, -0.28383853]","[0.013831, -0.007436, -0.0, 0.021379, 0.018428, -0.0, -0.037339, -0.001756, 3e-06, -0.008962, -0.011333, -0.0, -0.000379, 0.003503, 4e-06, -0.003889, 0.002106, -0.00195, -0.003889, 0.00211, 0.001946, 0.018212, -0.005109, -0.0]",-1,178.1
nitric_oxide,-128.98503384,14,0.09936393,"[-18.75257594, -14.00366069, -1.15837708, -0.62002038, -0.48695506, -0.48134311, -0.43927546, -0.16765345]","[7e-06, 1.7e-05, -0.006768, -4.4e-05, 4e-06, 0.011147]",-1,53.6
hydrazine,-111.00293593,11,1.073768,"[-13.87270472, -13.87266756, -0.87828517, -0.68149284, -0.46481661, -0.44797441, -0.39379988, -0.25663705, -0.1970143]","[0.009903, -0.004108, -0.001922, -0.009906, 0.004115, -0.001921, -0.009643, -0.007452, -0.006807, 0.009643, 0.007452, -0.006807, -0.003005, 0.007602, 0.007315, 0.003005, -0.007602, 0.007315]",-1,31.9
aluminum_carbide,-278.94987763,14,0.7895054,"[-55.15124848, -9.85989453, -3.93295467, -2.56365114, -2.56365099, -2.55981733, -0.5408184, -0.29869324, -0.22251253, -0.22251253, -0.2011515]","[8e-05, -0.000229, -0.000954, 3e-06, 2e-06, 0.00289]",-1,80.5
sulfur_monoxide,-471.54387739,14,0.553835,"[-87.81691559, -18.68458634, -7.72726312, -5.77980325, -5.77917348, -5.77917326, -1.00410556, -0.61896034, -0.41920796, -0.41260302, -0.41260301, -0.22635222, -0.22635221]","[0.000311, -0.000794, 0.000486, 0.0, 6e-06, -0.00573]",-1,108.9
hydroxymethyl_radical,-114.1983499,16,0.5781897,"[-18.65332648, -9.83200324, -0.97422799, -0.61210128, -0.4851042, -0.4122972, -0.36135666, -0.31618762, -0.14753359]","[-0.005388, 0.003909, 0.021008, 0.00407, -0.003778, -0.016534, -0.000727, -0.001082, 0.001893, 0.000919, -0.006343, -0.001561, 0.000751, 0.006265, -0.003711]",-1,81.7
dimethyl_sulfide,-475.94383957,12,0.6299311,"[-87.71313738, -9.80264486, -9.80264298, -7.62779231, -5.68352292, -5.67965246, -5.67194536, -0.72830498, -0.63698895, -0.53964395, -0.40005687, -0.39646876, -0.38525555, -0.3641014, -0.32833487, -0.28385063, -0.18951308]","[0.0, 0.007626, -0.006491, 0.0, -0.007608, -0.006475, 0.000341, -0.001025, 0.004047, 0.0, -0.003359, -0.003062, -0.004357, 0.00078, 0.002342, 0.004357, 0.00078, 0.002342, 0.0, 0.003359, -0.003062, 0.004357, -0.00078, 0.002342, -0.004357, -0.00078, 0.002342]",-1,86.9
beryllium_monochloride,-473.29505597,12,0.2896251,"[-100.31791488, -9.14212053, -6.99506723, -6.99260227, -6.99260223, -3.86367019, -0.75249423, -0.37430531, -0.31334094, -0.31334091, -0.19124176]","[0.0, -0.0, -0.002818, 1.7e-05, 0.000382, 0.00319]",-1,88.0
n_propyl_chloride,-576.21273054,12,0.8508125,"[-100.30519497, -9.84434974, -9.79933107, -9.78940727, -9.12729586, -6.98571871, -6.97537085, -6.97526554, -0.78317407, -0.70508568, -0.6035212, -0.53617404, -0.4397768, -0.40777045, -0.38966147, -0.37004627, -0.33360345, -0.3223751, -0.30481318, -0.26000381, -0.25847692]","[-0.002507, 0.000407, 0.00013, -0.003181, -0.004104, -2e-06, 0.00202, 0.004817, -2e-06, 0.000197, -0.000945, 1e-06, 0.000111, -0.00465, 0.006586, 0.000112, -0.00465, -0.006587, 0.000393, 0.003754, 0.005658, 0.000394, 0.003754, -0.005658, 0.001064, -0.003802, 0.005862, 0.001064, -0.003802, -0.005862, 0.005173, 0.006472, -0.0]",-1,112.6
chloroform,-1414.62676817,12,0.4274626,"[-100.34483853, -100.34477682, -100.34477286, -9.9674194, -9.16707154, -9.16706903, -9.16706033, -7.02607253, -7.02607067, -7.02606041, -7.01482691, -7.01482492, -7.01481589, -7.0147683, -7.01476641, -7.01475801, -0.87844738, -0.77528234, -0.77527776, -0.60129091, -0.47772048, -0.44754309, -0.44754014, -0.32803775, -0.32803529, -0.30136795, -0.29463189, -0.29462962, -0.2767659]","[0.000111, -6e-06, 0.036251, 3e-06, -0.0, -0.014336, 0.001231, 2.5e-05, -0.007129, 0.000528, 0.000662, -0.007389, 0.000443, -0.000594, -0.007588]",-1,165.7
phosphorus_monosulfide,-736.96307973,13,0.1886511,"[-87.75437581, -76.04989712, -7.6696739, -6.32108755, -5.72284061, -5.72039661, -5.7185597, -4.57240064, -4.56695767, -4.56583506, -0.71011906, -0.49287294, -0.31912648, -0.3105587, -0.30542638, -0.16932619]","[0.000253, 0.000362, -0.006297, -7.3e-05, -1.5e-05, 0.004751]",-1,141.4
cyclopropane,-116.82665903,12,0.0002792392,"[-9.78175743, -9.78149853, -9.78149332, -0.77746296, -0.53351184, -0.53350714, -0.44913936, -0.42260135, -0.31804036, -0.31803493, -0.26561645, -0.26561468]","[0.0, -0.0, 0.012403, 0.0, 0.010905, -0.006337, -0.0, -0.010902, -0.006335, -0.004291, -0.0, -0.002693, -0.004303, -0.002347, 0.001358, -0.004303, 0.002347, 0.001358, 0.004291, -0.0, -0.002693, 0.004303, -0.002347, 0.001358, 0.004303, 0.002347, 0.001358]",-1,57.2
formyl_radical,-113.00815076,11,0.6296206,"[-18.6833981, -9.89579252, -1.01593428, -0.57033105, -0.45573565, -0.40697653, -0.39029574, -0.1884161]","[0.05964, 0.006765, -6e-06, -0.024396, -0.019688, -0.0, -0.036915, 0.012751, -5e-06]",-1,44.7
spiropentane,-193.53053296,12,9.484749e-07,"[-9.7994832, -9.78277854, -9.78277593, -9.78264169, -9.78264165, -0.80554111, -0.7286279, -0.54007461, -0.5400746, -0.48529285, -0.44159636, -0.42691875, -0.42691875, -0.32876111, -0.31545409, -0.31492596, -0.25586646, -0.25586645, -0.24519715]","[-0.0, 0.0, -0.0, 0.015812, 0.0, 0.00956, -0.015812, 1e-06, 0.009561, -1e-06, -0.015812, -0.009562, -0.0, 0.015813, -0.009561, -0.003841, -0.006428, -0.002301, -0.003841, 0.006428, -0.002301, 0.003841, 0.006428, -0.002301, 0.003841, -0.006428, -0.002301, 0.006428, 0.003841, 0.002301, -0.006428, 0.003841, 0.002301, -0.006428, -0.003841, 0.002301, 0.006428, -0.003841, 0.002301]",-1,109.1
acetonitrile,-131.50347547,11,1.849394,"[-13.86145329, -9.85541337, -9.83466728, -0.83212993, -0.788221, -0.54368514, -0.46578568, -0.34441901, -0.31642844, -0.31167815, -0.25661651]","[-0.001542, 0.031735, -2.5e-05, -0.009905, -0.02653, 2.9e-05, 0.005679, -0.000258, 0.0, 0.037531, -0.010769, 0.03925, 0.037556, -0.010759, -0.039218, -0.069046, 0.013515, -8e-06]",-1,38.0
disilane,-580.23916591,11,1.091402e-07,"[-65.10866108, -65.10865217, -5.01346659, -5.01337084, -3.45246799, -3.45197918, -3.45197911, -3.45192289, -3.45192282, -3.45179406, -0.52083466, -0.460622, -0.3300331, -0.33002789, -0.30442074, -0.30441519, -0.26646851]","[-0.000368, 1.3e-05, 0.012226, 0.000365, 4e-05, -0.012231, -0.007574, -0.0, -0.003802, 0.003774, -0.006536, -0.003792, 0.003774, 0.006536, -0.003792, 0.007574, 0.0, 0.003802, -0.003774, -0.006537, 0.003792, -0.003774, 0.006536, 0.003792]",-1,82.4
methylene_chloride,-956.45891844,11,0.6377521,"[-100.33143272, -100.33142784, -9.9018891, -9.15353948, -9.15353848, -7.01232234, -7.01231922, -7.00167631, -7.00167608, -7.00108872, -7.00108835, -0.83495914, -0.76066496, -0.61008421, -0.45787759, -0.43072092, -0.41845134, -0.30206101, -0.29624832, -0.28020809, -0.27426729]","[1e-06, -1e-06, 0.028772, 0.015476, -0.0, -0.009602, -0.015476, -0.0, -0.009602, 0.000108, 0.001934, -0.001255, -0.000118, -0.002049, -0.000962]",-1,102.8
methlidyne_radical,-38.0963711,9,0.5699033,"[-9.9113234, -0.58933941, -0.28551993, -0.21723029]","[-0.0, 7e-06, 0.002252, 0.0, -1e-06, -0.001961]",-1,18.0
trifluoro_acetonitrile,-427.6804937,12,0.6261184,"[-24.17674305, -24.17671694, -24.17671619, -13.91842657, -10.09852133, -9.87359736, -1.26634417, -1.17640728, -1.17639892, -0.8734582, -0.72880505, -0.62904847, -0.59880579, -0.59880108, -0.46611177, -0.4661094, -0.43610557, -0.43610029, -0.42506144, -0.40659899, -0.36107037, -0.36106959, -0.35846869]","[0.000197, -1e-06, -0.018492, -8e-06, 0.0, 0.005688, 2.7e-05, -1e-06, 0.004399, 0.004836, 4e-06, 0.002815, -0.002221, 0.004213, 0.002912, -0.00223, -0.004211, 0.002915]",-1,124.2
acetyl_radical,-151.98679082,12,1.017535,"[-18.65890968, -9.88897843, -9.81763524, -0.9976155, -0.69855898, -0.49631758, -0.42671615, -0.4254198, -0.4220085, -0.36245304, -0.34746308, -0.16609264]","[0.0173, 0.006218, 2e-06, 0.012911, -0.023903, 5e-06, 0.001052, -0.0059, 0.0, -0.002383, 0.00282, -0.003485, -0.002383, 0.00282, 0.003485, -0.025066, 0.016978, 2e-06]",-1,83.6
silylene_t,-289.41403991,10,0.004060382,"[-65.15095986, -5.04960346, -3.49149265, -3.49085737, -3.48618943, -0.48254383, -0.3393354, -0.23179341, -0.173284]","[0.000165, 0.001926, 0.003027, -0.0, 0.003562, -0.001757, -0.0, -0.003561, -0.001756]",-1,59.7
oxygen_water,-151.83984653,11,0.9996564,"[-18.63844121, -18.57979428, -0.95386324, -0.8941642, -0.51532542, -0.46294042, -0.37676806, -0.32008792, -0.29751633, -0.24623411]","[0.007614, 0.004194, -0.009472, -0.006298, -0.005764, -0.005115, 0.000127, -0.010116, 0.002862, -0.008662, 0.005016, 0.002807, 0.001417, 0.001013, 0.014251, 0.006426, 0.006322, -0.004804]",-1,35.6
chlorine_monofluoride,-557.93751081,13,0.3002288,"[-100.40207105, -24.1543742, -9.21815855, -7.08437085, -7.06323051, -7.06323007, -1.14557925, -0.76710381, -0.50914394, -0.44002319, -0.44002318, -0.29338851, -0.2933885]","[-1e-06, 1.3e-05, -0.00257, 4.2e-05, -5e-06, 0.005309]",-1,55.0
sodium_hydride,-162.00487934,10,2.232686,"[-37.70622034, -2.05206269, -1.05001632, -1.05001623, -1.04744571, -0.15881069]","[-2.6e-05, -0.000206, -0.001451, 0.0, 0.0, 0.00143]",-1,18.5
nitrogen_tribromide,-7766.3263247,29,0.1990269,"[-480.18430551, -480.18421931, -480.18408807, -61.71185064, -61.7118128, -61.7118017, -55.68343482, -55.68336332, -55.68334024, -55.67798264, -55.67791594, -55.67787574, -55.67784136, -55.67782169, -55.67776645, -14.02440344, -8.41186794, -8.41182626, -8.41181255, -6.31173353, -6.31169589, -6.31168377, -6.29656949, -6.29652958, -6.29652306, -6.2965187, -6.29647277, -6.29646202, -2.53270445, -2.53264431, -2.53262064, -2.52881596, -2.52880384, -2.52877595, -2.52875951, -2.52874547, -2.52873212, -2.51753092, -2.51752864, -2.51748556, -2.51748304, -2.51747326, -2.51747155, -0.89309076, -0.7460273, -0.7460006, -0.63271228, -0.44672209, -0.4467073, -0.3931138, -0.31043589, -0.31041213, -0.27794153, -0.27792427, -0.2619641, -0.25064978]","[-0.000182, -1.8e-05, 0.004703, -0.003108, 0.000528, -7e-06, 0.004038, -0.005334, -0.000463, 0.004055, 0.004617, 0.00025]",-1,869.2
phosphorus_pentafluoride,-836.6693144,13,6.602905e-05,"[-76.24139397, -24.16575409, -24.16575169, -24.16572619, -24.12379021, -24.12378297, -6.48689684, -4.73688338, -4.73688279, -4.73408885, -1.24042182, -1.17495019, -1.1749416, -1.13802342, -1.10455356, -0.6573053, -0.56841665, -0.56840988, -0.55301122, -0.49512917, -0.49512505, -0.4799753, -0.47997069, -0.46062588, -0.43772537, -0.41675227, -0.40099982, -0.40099891, -0.3743402, -0.37433689]","[-0.000959, -0.000194, -0.000417, -0.006883, 1.5e-05, -2e-06, 0.00332, -0.005985, 4e-06, 0.003335, 0.005987, 1e-06, -3.1e-05, -1e-06, -0.001386, -3.5e-05, 1.3e-05, 0.001386]",-1,179.2
aminyl_radical,-55.42546692,11,0.7015923,"[-13.89999929, -0.77866468, -0.43436862, -0.29118752, -0.27449991]","[3.5e-05, 0.0, 0.010244, 1e-06, -0.008271, -0.006333, 1e-06, 0.008271, -0.006333]",-1,26.7
allene,-115.60873351,10,2.530751e-06,"[-9.81240796, -9.79063775, -9.79061785, -0.71706218, -0.63803946, -0.47042787, -0.4085689, -0.40316777, -0.40316776, -0.24673752, -0.24673752]","[1.1e-05, 6e-06, 1e-06, -0.0, -0.0, 0.017258, 1e-06, 1e-06, -0.017258, 0.0, -0.003687, -0.002649, 0.0, 0.003687, -0.002649, -0.003687, -0.0, 0.002649, 0.003687, -0.0, 0.002649]",-1,40.5
methane,-40.12175408,10,5.989943e-08,"[-9.75852472, -0.62379376, -0.34823702, -0.34823702, -0.34823702]","[0.0, 0.0, 0.0, -0.00354, -0.00354, -0.00354, -0.00354, 0.00354, 0.00354, 0.00354, -0.00354, 0.00354, 0.00354, 0.00354, -0.00354]",-1,16.5
carbon_monosulfide,-434.53721667,12,0.8238003,"[-87.77813029, -9.88710302, -7.69723999, -5.74814795, -5.74814775, -5.74637582, -0.76951567, -0.48109881, -0.33434019, -0.33434018, -0.27339359]","[1e-06, -0.0, -0.003251, -0.000193, 0.000177, -0.000557]",-1,47.8
sulfur_hexafluoride,-992.47466011,13,6.219042e-07,"[-88.10651629, -24.16210246, -24.16210084, -24.16209552, -24.16209505, -24.16209336, -24.16208411, -7.97086319, -6.02650223, -6.02650207, -6.02650196, -1.31445605, -1.18826201, -1.18826182, -1.18826094, -1.13370723, -1.1337065, -0.74977037, -0.62035245, -0.62035231, -0.62035172, -0.51877844, -0.51877803, -0.51877795, -0.49749514, -0.49749443, -0.43214689, -0.4321467, -0.43214668, -0.42435323, -0.42435275, -0.42435266, -0.38186585, -0.38186533, -0.38186524]","[5e-06, -1.4e-05, -4.2e-05, 0.0, 5e-06, -0.007149, 5e-06, -0.007153, -8e-06, -0.007154, -7e-06, -4e-06, -7e-06, 0.007152, 5e-06, 0.007149, 7e-06, 3e-06, -0.0, -5e-06, 0.007153]",-1,251.9
nonane,-351.79776902,11,0.03774798,"[-9.77292166, -9.77292122, -9.7714352, -9.77127102, -9.77121386, -9.77096922, -9.77096626, -9.76426792, -9.76426716, -0.73904553, -0.72056961, -0.69055438, -0.65052962, -0.60336194, -0.5545078, -0.52079881, -0.51581915, -0.51122727, -0.44103141, -0.42379127, -0.39700877, -0.39582861, -0.38903381, -0.36394125, -0.36250386, -0.36067906, -0.32976774, -0.32859327, -0.31226054, -0.30106043, -0.30090023, -0.29089527, -0.28550307, -0.28326375, -0.27712164, -0.27678811, -0.26471663]","[-0.0, -0.0, 0.016573, -0.0, 4.3e-05, -0.016446, -0.0, -4.2e-05, -0.016445, 0.0, 0.000119, 0.016541, 0.0, -0.000118, 0.016541, -0.0, -0.00044, -0.01623, 0.0, 0.00044, -0.01623, 0.0, 0.011521, 0.008479, 0.0, -0.011521, 0.008479, -0.005621, -0.0, -0.004596, 0.005621, -0.0, -0.004596, -0.005637, -1e-05, 0.004602, 0.005637, -1e-05, 0.004602, 0.005637, 1e-05, 0.004602, -0.005637, 1e-05, 0.004602, -0.005649, -7.5e-05, -0.00461, 0.005649, -7.5e-05, -0.00461, 0.005649, 7.5e-05, -0.00461, -0.005649, 7.5e-05, -0.00461, 0.005616, 0.000301, 0.004572, -0.005616, 0.000301, 0.004572, -0.005616, -0.000301, 0.004572, 0.005616, -0.000301, 0.004572, -0.0, -0.005831, 0.003689, 0.00569, -0.000243, -0.00437, -0.00569, -0.000243, -0.00437, -0.0, 0.005831, 0.003689, -0.00569, 0.000243, -0.00437, 0.00569, 0.000243, -0.00437]",-1,244.7
furan,-228.18474095,12,0.2511908,"[-18.68098495, -9.83430749, -9.83430622, -9.78871209, -9.78840477, -1.02400537, -0.72735074, -0.67939421, -0.54748094, -0.51513648, -0.49568311, -0.41464955, -0.40344368, -0.36876354, -0.3576916, -0.33510349, -0.26102017, -0.21597404]","[0.0, 1e-06, 0.014615, 0.0, 0.013096, 0.003933, 1e-06, -0.013096, 0.003933, 2e-06, 0.014394, -0.014109, 1e-06, -0.014394, -0.014109, 0.0, -0.006143, -0.003606, 0.0, 0.006143, -0.003606, 0.0, -0.006125, 0.004705, 0.0, 0.006125, 0.004705]",-1,92.6
methanol_radical,-114.1771997,14,0.8972834,"[-18.6536012, -9.8432298, -0.92633598, -0.61451402, -0.43904369, -0.41938368, -0.39343896, -0.28434641, -0.24432814]","[-0.01179, -0.043971, -1e-06, 0.001421, 0.031, 1e-05, 0.009722, 0.004055, 0.0, 0.000227, 0.003895, -0.008286, 0.000227, 0.003895, 0.008286]",-1,60.2
sodium_lithium,-168.82611605,11,0.0629783,"[-37.69431488, -2.03851759, -1.85070764, -1.03593029, -1.03591428, -1.03591425, -0.11881054]","[0.0, -0.0, -0.000584, -8.7e-05, -1.3e-05, 0.001139]",-1,27.3
ethylene_oxide,-152.59313424,11,0.7090091,"[-18.6275, -9.83615903, -9.8359097, -0.9945307, -0.61067741, -0.57496878, -0.47119134, -0.44226641, -0.36583522, -0.34393722, -0.29019369, -0.23513362]","[-4e-06, 0.0, 0.006052, 1e-06, 0.01042, -0.008666, 1e-06, -0.01042, -0.008667, 0.006078, -0.004259, 0.002265, -0.006078, -0.004259, 0.002265, -0.006078, 0.004259, 0.002265, 0.006078, 0.004259, 0.002265]",-1,44.8
chlorine_diatomic,-917.47393613,12,1.6727e-06,"[-100.37366782, -100.37366462, -9.19267719, -9.1926513, -7.05538189, -7.0552419, -7.03909224, -7.0390919, -7.0390831, -7.03908292, -0.86488283, -0.70349192, -0.44639514, -0.37285508, -0.37285506, -0.27258742, -0.2725874]","[-0.0, 6e-06, -0.001536, -9.8e-05, -8.3e-05, 0.001545]",-1,77.5
aziridine,-132.79489869,12,0.6624517,"[-13.86271895, -9.81104545, -9.81037348, -0.87657398, -0.59463307, -0.55370134, -0.47426576, -0.42518647, -0.33421927, -0.313052, -0.30479185, -0.21611579]","[-0.009432, -0.019033, 0.00169, 0.001911, 0.011109, 0.014882, 0.004772, 0.011286, -0.014786, 0.004893, 0.003341, -0.001438, 0.00599, -0.00698, -0.002038, -0.006325, 0.003468, -0.004778, -0.004794, -0.002854, 0.002557, 0.004825, -0.000737, 0.003897]",-1,47.5
methoxyethane,-192.76262751,12,0.4485056,"[-18.61323387, -9.82581474, -9.81838286, -9.77041403, -0.94498102, -0.69205837, -0.60728316, -0.54442394, -0.44737962, -0.43559571, -0.40959085, -0.37651396, -0.3418303, -0.32445234, -0.31067439, -0.28392999, -0.21849425]","[-0.003488, -0.01355, 1.3e-05, 0.002093, 0.018448, 2e-06, 0.015734, 0.008559, 2e-06, -0.011535, -0.00728, -0.0, -0.001521, -0.002775, -0.004586, -0.001521, -0.002775, 0.004587, -0.00392, 0.003366, 0.0, -0.000382, -0.003151, 0.00459, -0.000382, -0.003151, -0.004589, 0.00067, 0.002806, 0.003905, 0.000671, 0.002806, -0.003905, 0.002926, -0.002565, -0.0]",-1,72.5
ethane,-79.07778962,10,2.967117e-07,"[-9.76764134, -9.76751631, -0.67796973, -0.54986311, -0.38943192, -0.3894268, -0.32776476, -0.30004197, -0.30003625]","[-0.0, 2e-06, 0.018363, -0.0, -2e-06, -0.018363, -0.0, 0.004705, -0.002618, -0.004112, -0.002373, -0.00262, 0.004112, -0.002373, -0.00262, 0.0, -0.004705, 0.002618, 0.004112, 0.002373, 0.00262, -0.004112, 0.002373, 0.00262]",-1,32.0
carbon_tetrabromide,-10320.51950225,18,1.030709e-05,"[-480.17524503, -480.17524452, -480.17524401, -480.17521254, -61.70340003, -61.70339972, -61.70339966, -61.7033989, -55.67430319, -55.6743024, -55.6743019, -55.67429731, -55.66965607, -55.66965527, -55.66965189, -55.66965161, -55.66964924, -55.66964653, -55.6696436, -55.66964094, -10.00205807, -8.40368326, -8.4036831, -8.40368273, -8.40368193, -6.30193505, -6.30193491, -6.30193454, -6.30193374, -6.28919208, -6.28919187, -6.28919176, -6.28919164, -6.28919152, -6.28919135, -6.28919095, -6.28919048, -2.52348064, -2.52343225, -2.52343204, -2.52343139, -2.52014186, -2.52014182, -2.5201384, -2.52013791, -2.52013785, -2.52010312, -2.52010289, -2.52010268, -2.51061424, -2.510614, -2.5106139, -2.51061204, -2.51061194, -2.51060609, -2.51060583, -2.51060565, -0.84312736, -0.74202973, -0.74202961, -0.74202918, -0.56598923, -0.43386548, -0.43386531, -0.43386502, -0.31584888, -0.31584862, -0.29469238, -0.29469233, -0.29469206, -0.26289033, -0.2628903, -0.26288997]","[3e-06, -4e-06, -7e-06, 0.00404, 0.004169, 0.003957, -0.003833, -0.004221, 0.004215, -0.0041, 0.004109, -0.003851, 0.00431, -0.003933, -0.003838]",-1,1070.2
beryllium_diatomic,-28.9149159,8,1.299018e-06,"[-3.84962908, -3.84958443, -0.26543651, -0.16780966]","[-0.0, -0.0, -0.00172, -0.0, -0.0, 0.00172]",-1,11.8
tetrachloroethylene,-1910.56228376,11,2.940375e-05,"[-100.35744962, -100.35744141, -100.35742695, -100.35739643, -9.92389806, -9.92327699, -9.17892176, -9.17892159, -9.17892018, -9.17891881, -7.03783358, -7.03783194, -7.03783051, -7.03782925, -7.0271076, -7.02710691, -7.02710558, -7.02710318, -7.02645115, -7.02645051, -7.02645008, -7.02644823, -0.88890517, -0.8407463, -0.80168178, -0.77855074, -0.6701188, -0.52685598, -0.47962443, -0.47835805, -0.4192772, -0.41481962, -0.35632756, -0.33447576, -0.32392235, -0.32176101, -0.31659709, -0.31005026, -0.2811526, -0.23367196]","[2e-06, 5e-06, -0.000866, -2e-06, 2e-06, 0.000859, -0.000118, 0.005357, 0.005829, -2.4e-05, -0.005094, 0.006055, -0.000309, -0.005223, -0.006116, -0.000187, 0.005376, -0.00591]",-1,235.7
silicon_monoxide,-363.11122452,12,1.173334,"[-65.16010161, -18.59939138, -5.05857249, -3.50056171, -3.50056158, -3.49273801, -0.85671035, -0.39668494, -0.3054335, -0.30543349, -0.27915025]","[5.8e-05, 0.000102, 0.001895, -1e-06, 4e-06, -0.002112]",-1,48.5
trimethylamine,-172.96043154,13,0.21145,"[-13.86062534, -9.79600944, -9.79600436, -9.79600105, -0.84377526, -0.63594994, -0.6359325, -0.52922201, -0.42382579, -0.42381685, -0.42239939, -0.35086705, -0.35085927, -0.32149248, -0.32147963, -0.32146032, -0.18111562]","[-0.000124, -3e-05, -0.004382, -0.005828, -0.005664, 0.020168, 0.00794, -0.002247, 0.02018, -0.002035, 0.007908, 0.020144, 0.001214, 0.001173, -0.016957, -0.001624, 0.000465, -0.016953, 0.000413, -0.001644, -0.016963, -0.004777, 0.001213, -0.000922, 0.001058, -0.004847, -0.000933, 0.001342, -0.004752, -0.000924, 0.003659, 0.003329, -0.000928, 0.003472, 0.00356, -0.000939, -0.004735, 0.001509, -0.000939]",-1,98.8
carbonyl_fluoride,-311.0666031,14,0.4350535,"[-24.17574603, -24.17574109, -18.66072369, -10.03787539, -1.24124294, -1.16973699, -1.02688213, -0.64332374, -0.58320251, -0.5377988, -0.49774977, -0.43907578, -0.43143995, -0.4174789, -0.37315965, -0.32166519]","[2e-06, 5e-06, 0.000301, -1e-06, -0.0, -0.004365, 7e-06, 0.000892, 0.00095, 4e-06, -0.000892, 0.000949]",-1,95.5
phosphorus_mononitride,-394.42858945,13,1.106759,"[-76.04345117, -13.89895387, -6.32059214, -4.5689291, -4.56892903, -4.56301803, -0.77725675, -0.45264846, -0.31277467, -0.31277466, -0.28846638]","[-5e-06, 1e-06, -0.007696, 0.000489, 1.3e-05, 0.008786]",-1,48.6
carbon_tetrachloride,-1872.79117893,13,1.352081e-05,"[-100.35546613, -100.3554382, -100.35543726, -100.35543678, -10.02510361, -9.1776463, -9.1776456, -9.17764506, -9.17764402, -7.03699179, -7.03699118, -7.03699085, -7.03699022, -7.02521874, -7.0252186, -7.02521822, -7.02521799, -7.02521792, -7.0252177, -7.0252176, -7.02521748, -0.90997214, -0.78842934, -0.7884291, -0.78842883, -0.58088263, -0.47192185, -0.47192169, -0.47192153, -0.34611574, -0.34611565, -0.32310039, -0.32310027, -0.32310026, -0.28671388, -0.28671369, -0.28671347]","[1e-06, 1e-06, 1e-06, 0.001939, 0.00186, 0.001901, -0.002, -0.001856, 0.0019, -0.00194, 0.001921, -0.001843, 0.001861, -0.002031, -0.001918]",-1,320.0
acrylonitrile,-169.38506055,11,1.584876,"[-13.87849828, -9.85025263, -9.84134696, -9.83128422, -0.8267661, -0.7484319, -0.60283313, -0.49668737, -0.44161157, -0.37623774, -0.35607828, -0.32397415, -0.31175277, -0.27651755]","[-0.010931, 0.010354, -5e-06, -0.005918, -0.018178, -3e-06, -0.033028, -0.008785, -6e-06, -0.001821, -0.004801, -0.0, 0.00468, 0.002284, -0.0, 0.000272, 0.005555, -1e-06, 0.047756, 0.013826, 3e-06]",-1,50.0
sodium_hydroxide,-236.80116128,12,2.552589,"[-37.70304291, -18.46371794, -2.05059882, -1.04849169, -1.04849169, -1.04643257, -0.73590793, -0.29390297, -0.14695768, -0.14695768]","[-5e-06, -1.8e-05, -0.028984, 1.7e-05, 1.7e-05, 0.008289, 0.0, -0.0, 0.022013]",-1,43.3
methylene_t,-38.76705065,10,0.246036,"[-9.84281657, -0.61017089, -0.41660832, -0.24156629, -0.21127564]","[8e-06, 0.0, 0.001165, 0.0, -0.00311, 9.3e-05, 0.0, 0.00311, 9.3e-05]",-1,22.7
carbon_monophosphide,-377.72496619,17,0.44809,"[-76.03073002, -9.88451093, -6.306188, -4.55391841, -4.55225589, -4.55225573, -0.66912946, -0.41854608, -0.2946697, -0.28105287, -0.28105286]","[5e-06, 0.0, -0.007703, -0.000313, -0.000243, 0.011568]",-1,108.7
formic_acid,-188.43490652,14,0.5580054,"[-18.6796272, -18.61399754, -9.92155747, -1.03534335, -0.94947183, -0.61184792, -0.49516706, -0.4472152, -0.42328547, -0.36791855, -0.31100185, -0.25391166]","[0.018793, -0.012088, -1e-06, 0.009194, 0.026897, -1.2e-05, -0.001772, -0.018957, -2e-06, -0.028462, 0.013702, -0.0, 0.002536, -0.008963, -0.0]",-1,60.7
aluminum_trifluoride,-539.43773238,11,5.298622e-05,"[-55.17581112, -24.09103743, -24.09100907, -24.09100678, -3.96262701, -2.59631736, -2.58935592, -2.58935572, -1.07932748, -1.06684766, -1.06683896, -0.4647551, -0.4240035, -0.42399598, -0.40465497, -0.39163237, -0.39162777, -0.38540429, -0.38539564, -0.36660045]","[0.0, 5.3e-05, 0.000382, 1.6e-05, 0.0, 0.004225, -4e-06, 0.003927, -0.002194, 1e-06, -0.003927, -0.002197]",-1,87.5
vinyl_radical,-77.18470796,14,0.3068348,"[-9.82108602, -9.79478836, -0.6963515, -0.52223531, -0.42230048, -0.38980521, -0.26789725, -0.20045921]","[0.027249, -0.001428, -7e-06, -0.030999, 0.009461, -7e-06, -0.006639, -0.002999, -1e-06, 0.004761, -0.009931, -1e-06, 0.005988, 0.005383, -1e-06]",-1,53.1
nitrous_oxide,-183.38163964,12,0.05543946,"[-18.7141423, -14.08082841, -13.95673688, -1.15592167, -1.00618925, -0.55111457, -0.52366485, -0.52366484, -0.42431432, -0.31711334, -0.31711333]","[0.0, -0.0, 0.001108, 0.0, 0.0, -0.012152, -0.0, -0.0, 0.011886]",-1,44.6
2_butyne,-154.57255883,10,9.233234e-06,"[-9.80264539, -9.8026376, -9.77681415, -9.77473213, -0.70250771, -0.66805756, -0.59591659, -0.42849406, -0.38935125, -0.38416566, -0.3841641, -0.37170364, -0.37170178, -0.22255249, -0.22255204]","[0.0, -5e-06, -0.004724, 4e-06, 1e-06, 0.004724, 0.0, -0.000485, 0.010117, 5e-06, -0.000482, -0.01012, -0.0, 0.008748, 0.002363, -0.00756, -0.004362, 0.002363, 0.00756, -0.004361, 0.002364, 0.0, 0.008748, -0.002363, 0.00756, -0.004361, -0.002363, -0.00756, -0.004362, -0.002363]",-1,56.3
hydrogen_diatomic,-1.13749609,7,2.442481e-10,"[-0.37728346]","[0.0, 0.0, 0.016073, 0.0, 0.0, -0.016073]",-1,4.5
beryllium_dihydride,-15.66058209,8,1.865415e-09,"[-3.79787822, -0.31017702, -0.2753723]","[0.0, 0.0, -0.0, 0.0, 0.0, -0.004287, 0.0, 0.0, 0.004287]",-1,10.0
beryllium_monohydride,-15.02212788,10,0.08143484,"[-3.83958278, -0.30757546, -0.16941484]","[0.0, 0.0, 0.002581, 0.0, 0.0, -0.002879]",-1,14.4
sodium_monoxide,-236.10266587,15,2.940692,"[-37.71383171, -18.53833141, -2.0606752, -1.05931394, -1.05836322, -1.05606896, -0.71598877, -0.22798201, -0.1853279, -0.17182436]","[4.1e-05, 6.5e-05, -0.002221, 4e-06, 1e-06, 0.001331]",-1,74.1
phosphino_radical,-341.2401747,11,0.2278508,"[-76.01320938, -6.28772592, -4.53935658, -4.53402641, -4.53095668, -0.57975862, -0.35117816, -0.28137585, -0.21998508]","[-0.000278, -0.000524, 0.006277, -0.0, -0.000975, -0.002368, 0.0, 0.000975, -0.002368]",-1,67.2
boron_monochloride,-483.25483738,11,0.6890183,"[-100.3722632, -9.19640058, -7.04938523, -7.04690956, -7.04690933, -6.54529335, -0.81949955, -0.47309267, -0.36329191, -0.36329188, -0.2317009]","[-0.0, -1e-06, -0.004064, 0.000334, -3.5e-05, -0.002395]",-1,46.4
ozone,-223.97934204,15,0.2489642,"[-18.90443794, -18.73103614, -18.73103497, -1.26186735, -1.01072893, -0.71170561, -0.5585177, -0.54867073, -0.54007465, -0.34686174, -0.30483231, -0.3018646]","[3e-06, -0.0, -0.033892, 4e-06, 0.017825, 0.01558, -7e-06, -0.017825, 0.01558]",-1,51.6
water,-75.91338643,10,0.7303417,"[-18.60914987, -0.92633745, -0.48778608, -0.34587117, -0.27199451]","[6e-05, 0.0, -0.011349, 2e-06, -0.010734, 0.006423, 2e-06, 0.010734, 0.006423]",-1,16.2
acetate_anion,-226.86235192,22,1.382313,"[-18.35365376, -18.35211806, -9.66939714, -9.60222995, -0.7228503, -0.64312207, -0.46159028, -0.25178277, -0.20661022, -0.19560281, -0.17901345, -0.1440461, -0.12521937, -0.02356226, -0.00510606, 0.0055712]","[-0.0, -0.000174, -0.007571, -0.0, 0.000877, -0.014237, -0.0, 0.000636, -0.000577, 0.000961, -9.7e-05, -0.000545, -0.000961, -9.7e-05, -0.000545, -2e-06, -0.024282, 0.010691, -0.0, 0.023178, 0.013007]",-1,141.6
tetrachlorosilane,-2123.61084083,12,1.785811e-05,"[-100.34427595, -100.34426907, -100.34425112, -100.34419386, -65.25119948, -9.16790406, -9.16790343, -9.16790317, -9.16790016, -7.02343225, -7.02343167, -7.02343116, -7.02343094, -7.01715024, -7.0171499, -7.01714949, -7.0171494, -7.01714899, -7.01714886, -7.01714876, -7.01714863, -5.13905868, -3.57895953, -3.57895947, -3.57895926, -0.82394308, -0.7772719, -0.77727176, -0.77727118, -0.51089272, -0.4155204, -0.41552026, -0.41551993, -0.34422639, -0.3442263, -0.33490678, -0.33490672, -0.33490655, -0.30458627, -0.30458595, -0.30458593]","[2.3e-05, -4.9e-05, 8e-06, 0.000436, 0.000874, 0.000669, -0.000558, -0.000842, 0.000674, -0.000835, 0.000887, -0.000489, 0.000531, -0.00075, -0.000534]",-1,343.7
oxygen_diatomic,-149.34157634,11,1.499921e-06,"[-18.76832389, -18.76824022, -1.2118405, -0.74698289, -0.50984419, -0.50569847, -0.50569847, -0.25497299, -0.25497298]","[7e-06, -1e-06, -0.008598, 1e-05, 2e-06, 0.008597]",-1,54.4
heptane,-273.87800535,11,0.03784794,"[-9.77765383, -9.77765313, -9.77594561, -9.77572988, -9.7756913, -9.76933181, -9.76933059, -0.73143391, -0.70310634, -0.6584188, -0.60201761, -0.54369982, -0.51386922, -0.51018534, -0.43440013, -0.40866884, -0.3899186, -0.38443567, -0.37092115, -0.35670321, -0.33206773, -0.32951442, -0.31601365, -0.29638991, -0.29601873, -0.28592383, -0.27914452, -0.2767442, -0.27032656]","[-0.0, -0.0, 0.013338, -0.0, -4.9e-05, -0.013042, 0.0, 4.8e-05, -0.013041, -0.0, -0.000199, 0.012741, 0.0, 0.000199, 0.012741, -0.0, 0.009271, -0.006903, -1e-06, -0.009271, -0.006904, -0.000528, 0.0, 7e-06, 0.000528, 0.0, 7e-06, -0.000537, -0.000109, -2.3e-05, 0.000537, -0.000109, -2.3e-05, 0.000537, 0.000109, -2.3e-05, -0.000537, 0.000109, -2.3e-05, 0.000645, 0.000322, 9.1e-05, -0.000645, 0.000322, 9.1e-05, -0.000645, -0.000322, 9.1e-05, 0.000645, -0.000322, 9.1e-05, 0.0, 0.000815, 0.00083, 0.000831, 0.000106, -0.000296, -0.000831, 0.000106, -0.000296, -0.0, -0.000815, 0.00083, -0.000831, -0.000106, -0.000296, 0.000831, -0.000106, -0.000296]",-1,171.5
methylene_s,-38.74440646,9,0.7075925,"[-9.86690467, -0.61450743, -0.37068038, -0.22035556]","[-0.0, -0.0, -0.013146, 0.0, -0.006665, 0.006248, 0.0, 0.006665, 0.006248]",-1,12.4
octane,-312.83713586,11,4.839678e-07,"[-9.77568479, -9.77567973, -9.77436969, -9.77424132, -9.77382241, -9.77381909, -9.76679057, -9.76678894, -0.73432584, -0.71249201, -0.6770302, -0.63051106, -0.57781727, -0.52988453, -0.51532398, -0.51035946, -0.43733702, -0.41694384, -0.39551624, -0.38587333, -0.37885003, -0.37124244, -0.34908308, -0.34359965, -0.31959136, -0.31399788, -0.31086497, -0.2899064, -0.28856286, -0.28256962, -0.27707714, -0.27574172, -0.27272777]","[0.000333, 0.011404, 1e-06, -0.000333, -0.011404, 0.0, -0.001424, -0.011223, -0.0, 0.001424, 0.011223, -0.0, -0.001504, 0.011002, -0.0, 0.001504, -0.011003, 0.0, -0.01203, -0.005057, -0.0, 0.01203, 0.005057, 0.0, -0.000108, -0.00366, -0.003967, -0.000108, -0.00366, 0.003967, 0.000108, 0.00366, -0.003967, 0.000108, 0.00366, 0.003967, 0.000107, 0.003618, 0.00388, 0.000107, 0.003618, -0.00388, -0.000107, -0.003618, 0.00388, -0.000107, -0.003618, -0.00388, -0.00046, -0.003089, -0.003469, -0.00046, -0.003089, 0.003469, 0.00046, 0.003089, -0.003469, 0.00046, 0.003089, 0.003469, 0.002444, -0.003231, 0.0, -0.000261, 0.002919, 0.003964, -0.000261, 0.002919, -0.003964, -0.002444, 0.003231, 0.0, 0.000261, -0.002919, 0.003964, 0.000261, -0.002919, -0.003964]",-1,221.5
beryllium_difluoride,-213.23972645,10,4.390877e-07,"[-24.08029307, -24.08028926, -3.83088722, -1.06307328, -1.05510247, -0.42656748, -0.41689756, -0.38828313, -0.38828312, -0.36642854, -0.36642853]","[1e-06, -1e-06, -1e-06, -2.7e-05, 2.3e-05, 0.019294, 1.1e-05, -5e-06, -0.019297]",-1,42.1
dilithium_oxide,-89.54568833,14,0.00020539,"[-18.4229921, -1.75041469, -1.75024336, -0.63202378, -0.1402209, -0.12361291, -0.12361291]","[-3.1e-05, 3.3e-05, 0.000155, -1e-06, -2e-06, 0.001922, -3e-06, -2e-06, -0.001941]",-1,30.0
thiophene,-550.32921773,13,0.1725225,"[-87.75452357, -9.81339468, -9.81339224, -9.79339763, -9.79304694, -7.66897599, -5.72297257, -5.71882241, -5.71710586, -0.80729559, -0.6696805, -0.6541412, -0.51029876, -0.50141267, -0.47052874, -0.36971656, -0.35554461, -0.35193601, -0.35149632, -0.31334821, -0.23591682, -0.22259549]","[-5.7e-05, 0.000609, 0.017263, -1e-06, 0.011986, 0.00463, -2e-06, -0.011987, 0.004626, -1e-06, 0.007074, -0.013158, -0.0, -0.007074, -0.013159, -0.0, -0.003789, -0.001492, -0.0, 0.003789, -0.001492, -0.0, -0.002183, 0.003285, -0.0, 0.002183, 0.003285]",-1,130.6
ketene,-151.42942552,12,0.5690276,"[-18.67555033, -9.90502601, -9.79528081, -1.03100058, -0.70758016, -0.48771591, -0.45233958, -0.44320342, -0.41447508, -0.37651108, -0.22376875]","[-6e-06, 1e-06, -0.02058, -8e-06, 1e-06, 0.012013, 4e-06, 1.3e-05, -0.001828, -0.0, -0.005206, 0.004573, -0.0, 0.005206, 0.004573]",-1,39.5
phosphorus_monofluoride,-439.34253441,12,0.2377126,"[-76.0723398, -24.13727511, -6.34004029, -4.58920212, -4.58789494, -4.58789469, -1.13532437, -0.58239214, -0.43882359, -0.43882351, -0.41704508, -0.20640227, -0.20640225]","[0.000146, 0.000138, 0.000823, 1.5e-05, 1.5e-05, -0.000243]",-1,93.8
boron_diatomic,-48.8536945,10,7.174936e-06,"[-6.53503042, -6.53435331, -0.50250311, -0.27645937, -0.22715482, -0.22715482]","[-0.0, 2e-06, 0.00653, 3e-06, 0.0, -0.00653]",-1,26.1
nitrogen_dioxide,-203.71557278,13,0.1097026,"[-18.72480457, -18.72480425, -14.10108957, -1.19567421, -1.05765774, -0.60929641, -0.53503059, -0.52778215, -0.52641722, -0.3573555, -0.34127015, -0.24183271]","[-1e-06, -0.0, -0.007444, 4e-06, 0.001824, 0.000759, -2e-05, -0.001823, 0.000759]",-1,88.7
argon_dimer,-1051.89320007,10,2.18534e-06,"[-113.80046267, -113.80045525, -10.79452258, -10.79451996, -8.44382542, -8.44378652, -8.44378343, -8.44378135, -8.4437784, -8.44377713, -0.88427755, -0.88302441, -0.38917139, -0.38353128, -0.38353126, -0.38161807, -0.38161803, -0.37637626]","[6e-06, 0.000267, -0.00047, 2e-06, -0.000626, 0.00137]",-1,67.9
sodium_diatomic,-322.92739753,12,3.303982e-06,"[-37.69930604, -37.69930488, -2.04340993, -2.04324987, -1.04180732, -1.04080403, -1.04080397, -1.04056194, -1.0405619, -1.03964804, -0.11839598]","[-0.000182, 4.5e-05, -0.001352, 1e-06, 0.00013, 0.001198]",-1,44.1
dimethylamine,-134.00463322,13,0.404177,"[-13.8502647, -9.79282741, -9.79282666, -0.8170384, -0.63158039, -0.5635191, -0.44375361, -0.39719212, -0.3949102, -0.3422502, -0.32313991, -0.32248568, -0.18873804]","[-0.006596, -0.013159, -0.0, 0.007062, 0.00578, 0.021982, 0.007063, 0.005781, -0.021982, -0.000315, 0.002557, 0.0, -0.007523, -0.003678, 0.000118, -0.007523, -0.003678, -0.000118, 0.002208, -0.001385, -0.001973, 0.002208, -0.001385, 0.001973, 0.001426, 0.004781, -0.007935, 0.001426, 0.004781, 0.007935]",-1,66.8
cyclobutene,-154.57775347,11,0.08300065,"[-9.78574189, -9.78564253, -9.78372862, -9.78304696, -0.78050402, -0.58896781, -0.57910983, -0.45752625, -0.45143671, -0.4183781, -0.34411325, -0.3221547, -0.29410946, -0.27904894, -0.22742284]","[-7e-06, 0.011232, 0.012465, 2e-06, -0.011232, 0.012465, -1e-06, 0.009406, -0.015499, 0.0, -0.009406, -0.015499, -0.0, -0.004616, -0.004738, -0.0, 0.004616, -0.004738, -0.00226, -0.002093, 0.003882, 0.00226, 0.002093, 0.003882, 0.00226, -0.002094, 0.003882, -0.00226, 0.002094, 0.003882]",-1,62.6
acetic_acid,-227.41556247,12,0.7094201,"[-18.66225536, -18.60564627, -9.92090749, -9.79944034, -1.01832244, -0.93079943, -0.69607719, -0.56235813, -0.44722728, -0.43624668, -0.4351612, -0.37359726, -0.35928235, -0.3580522, -0.29696465, -0.24747057]","[-0.004453, 0.005388, 3e-06, -0.012966, 0.004955, 1e-06, 0.010056, -0.019961, 4e-06, 0.006601, 0.009674, 3e-06, -0.001432, 5.6e-05, 0.0, 0.002133, 0.003745, 0.0, 0.001205, -0.003033, -0.003438, 0.001205, -0.003033, 0.003438]",-1,64.8
hydrogen_fluoride,-99.85200519,10,0.7078414,"[-24.08766389, -1.09645238, -0.49863237, -0.36072435, -0.3607238]","[0.0, -1e-06, 0.014376, 1.4e-05, -4.8e-05, -0.013152]",-1,15.5
phosphorus_diatomic,-680.24026222,11,1.116124e-06,"[-76.02205264, -76.02204714, -6.29639165, -6.29593079, -4.54454422, -4.54454407, -4.54434718, -4.54434705, -4.54052794, -4.5383096, -0.62423931, -0.42680986, -0.2682403, -0.26632422, -0.26632422]","[0.000617, 0.000117, -0.002961, 0.000748, 0.000205, 0.002908]",-1,66.8
sodium_fluoride,-260.76919775,15,3.05365,"[-37.71062123, -23.90046993, -2.05813226, -1.05629796, -1.0562979, -1.05520216, -0.85128755, -0.20431874, -0.19526762, -0.19526761]","[-2.4e-05, -2e-05, -0.003832, -5e-06, 1.4e-05, 0.003282]",-1,49.6
lithium_diatomic,-14.72559451,28,3.949999e-07,"[-1.84320473, -1.8427358, -0.11886671]","[-0.0, -0.0, 0.000989, -0.0, -0.0, -0.000989]",-1,22.5
difluoromethane,-237.48143714,10,0.7211294,"[-24.11075569, -24.11075501, -9.9373792, -1.15912359, -1.10081657, -0.64673977, -0.50664144, -0.50529971, -0.50467739, -0.3781605, -0.37443122, -0.36090834, -0.30270007]","[-1e-06, 0.0, 0.014528, 0.011184, -0.0, -0.006659, -0.011184, 0.0, -0.006658, 3e-06, -0.00065, 0.000486, 1e-05, 0.000648, 0.000487]",-1,50.1
propene,-116.82984463,11,0.1871543,"[-9.79120792, -9.77802813, -9.77300712, -0.71147245, -0.61651134, -0.49704275, -0.42126057, -0.3784579, -0.37277156, -0.32872847, -0.30525748, -0.23515937]","[-0.014061, 0.009697, -1e-06, 0.000817, -0.015315, -3e-06, 0.014459, 0.005227, -0.0, -0.001267, -0.005685, -0.0, 0.004154, 0.00315, -0.0, 0.000298, 0.004998, -0.0, 0.000606, -0.004406, 0.0, -0.002695, 0.001757, -0.003169, -0.002695, 0.001757, 0.003169]",-1,46.8
difluorine_monoxide,-273.03423888,16,0.1039786,"[-24.18236011, -24.18235845, -18.83076854, -1.24458963, -1.13375238, -0.8637175, -0.59188129, -0.53546579, -0.49383484, -0.4110697, -0.40847708, -0.39739692, -0.28751386]","[-6e-06, 5e-06, 0.016595, -2.2e-05, 0.001148, -0.004802, -1.1e-05, -0.001149, -0.004803]",-1,63.1
phosphorus_monoxide,-414.82619045,13,0.7172414,"[-76.06867241, -18.65167223, -6.3395279, -4.59162045, -4.58538938, -4.58375037, -0.94252571, -0.50895852, -0.37117005, -0.36621654, -0.35750587, -0.16859088]","[4e-06, -1.3e-05, 0.003789, -0.000291, 0.000394, -0.000225]",-1,98.3
tert_butyl_radical,-156.34892771,12,0.1080879,"[-9.79679083, -9.7710144, -9.77101321, -9.77100656, -0.72767892, -0.62245945, -0.62245903, -0.47763417, -0.40075445, -0.39759845, -0.39759778, -0.34422128, -0.34422022, -0.32294766, -0.30587452, -0.3058742, -0.13778973]","[-7e-06, 0.0, -0.009927, 0.017532, 0.0, 0.006777, -0.008866, 0.015183, 0.006812, -0.008865, -0.015183, 0.006813, -0.001537, -0.0, -0.005755, -0.002036, 0.004086, 0.001032, -0.002036, -0.004086, 0.001032, 0.000772, -0.001337, -0.005763, -0.00252, -0.003805, 0.001032, 0.004551, 0.000279, 0.001032, 0.000772, 0.001337, -0.005763, 0.004551, -0.000279, 0.001032, -0.00252, 0.003805, 0.001032]",-1,156.0
lithium_fluoride,-106.70805607,11,2.394374,"[-23.93410946, -1.82734371, -0.89413061, -0.24446254, -0.23384677, -0.23384677]","[3e-05, -1.5e-05, -0.004623, -1e-06, 2e-06, 0.003934]",-1,19.3
acetyl_fluoride,-251.34411297,13,1.144008,"[-24.1252498, -18.63012077, -9.95028316, -9.81310301, -1.14900718, -0.9903597, -0.70769969, -0.56510603, -0.47752056, -0.47122895, -0.44859038, -0.39488529, -0.38927121, -0.35501206, -0.34654453, -0.2772424]","[0.020276, 0.001952, -1e-06, -0.018117, 0.003937, 2e-06, -0.003951, 0.000542, 2e-06, -0.002725, -0.002214, 1e-06, 0.001152, 0.007478, 0.0, 0.001459, -0.005717, -0.008686, 0.001459, -0.005717, 0.008686]",-1,84.3
lithium_hydroxide,-82.74348435,11,1.699085,"[-18.49792998, -1.81152247, -0.76615223, -0.33379342, -0.18309604, -0.18309604]","[-1e-06, 1e-06, -0.005225, -0.0, 0.0, -0.005179, 0.0, 0.0, 0.009497]",-1,20.3
propyne,-115.60294317,10,0.3642076,"[-9.80872909, -9.79084631, -9.77220089, -0.70722386, -0.63137197, -0.47385154, -0.4068599, -0.39433938, -0.39432687, -0.24388267, -0.24388103]","[0.000292, 1e-06, -0.020113, 1.6e-05, -4e-06, 0.007785, -1.3e-05, 3e-06, 0.016728, -0.0, 0.0, -0.013186, -0.004491, 0.0, 0.00318, 0.002232, 0.003884, 0.003181, 0.002232, -0.003884, 0.003181]",-1,35.2
aluminum_monosulfide,-638.25535362,14,1.417584,"[-87.69905987, -55.17065162, -7.61498389, -5.67012413, -5.66374814, -5.66374799, -3.95408543, -2.58375261, -2.58375252, -2.58204125, -0.60875412, -0.33773959, -0.23341658, -0.23341653, -0.23255536]","[5e-06, 2.3e-05, -0.000343, 0.000266, -0.000335, 0.000764]",-1,137.6
boron_monocarbide,-62.03555381,13,0.3929243,"[-9.89748014, -6.54120395, -0.63702327, -0.33486469, -0.28385146, -0.28385146, -0.25179705]","[0.0, 0.0, -0.003662, -1e-06, -1e-06, 0.001882]",-1,35.4
boron_trichloride,-1400.97556762,12,5.751705e-05,"[-100.34437012, -100.34436183, -100.34432904, -9.16785044, -9.16783785, -9.16783493, -7.0232761, -7.02326588, -7.02326458, -7.01837357, -7.01835976, -7.01835898, -7.01594884, -7.01593712, -7.01593693, -6.57113716, -0.82345092, -0.77786869, -0.77785955, -0.48799187, -0.42286117, -0.42285585, -0.38008661, -0.321424, -0.32142351, -0.31783117, -0.31782542, -0.28799562]","[0.0, 0.0, 4.6e-05, -5.5e-05, 3.7e-05, 0.00593, -0.000204, 0.004934, -0.002514, 0.000252, -0.004921, -0.002551]",-1,147.9
ethyl_radical,-78.41316775,10,0.1771113,"[-9.7922926, -9.77820606, -0.6860947, -0.54631982, -0.40934468, -0.37425366, -0.3557493, -0.31688823, -0.16655003]","[0.003349, -0.0, -0.021863, -0.001343, -0.0, 0.020458, -0.007689, 0.0, 0.003726, 0.002372, 0.006427, 0.00327, 0.002372, -0.006427, 0.00327, -2.7e-05, -0.007881, -0.004503, -2.7e-05, 0.007881, -0.004503]",-1,51.5
magnesium_hydroxide,-274.48931302,12,0.5071906,"[-45.9805708, -18.54143133, -2.91584838, -1.73231438, -1.73231433, -1.72861855, -0.8229829, -0.40409278, -0.23293863, -0.23293863, -0.16987749]","[6e-06, 1e-06, -0.026166, 1.3e-05, 2e-06, 0.005488, 0.0, -0.0, 0.021107]",-1,80.9
hydrogen_peroxide,-150.55111941,13,0.6170572,"[-18.67145565, -18.671448, -1.03689329, -0.82938981, -0.48797866, -0.45948226, -0.39036942, -0.29418163, -0.24237886]","[0.027096, -0.007314, 0.012795, -0.027096, 0.007312, 0.012781, -0.014749, 0.020292, -0.01268, 0.014749, -0.020291, -0.012679]",-1,38.5
propane,-118.0378617,10,0.03921765,"[-9.7767933, -9.76470798, -9.76469529, -0.70584612, -0.61126627, -0.52207202, -0.41140128, -0.39158872, -0.35771535, -0.33730402, -0.29783258, -0.29617788, -0.2841874]","[1e-05, -2.6e-05, -0.016144, -3e-06, 0.007542, 0.013298, 2.1e-05, -0.007513, 0.01334, -0.003301, -1e-06, 0.002231, 0.003266, 2.9e-05, 0.002186, -0.0, -0.004139, 0.001845, 4e-06, 0.004113, 0.001819, -0.006254, 0.001118, -0.004603, 0.006259, 0.001114, -0.004594, 0.006259, -0.00111, -0.004592, -0.006257, -0.001124, -0.004587]",-1,48.2
butane,-156.99846064,11,7.60015e-07,"[-9.77424786, -9.77411036, -9.76599217, -9.76599111, -0.71965064, -0.65208245, -0.56286544, -0.5144106, -0.42333116, -0.38349454, -0.37802069, -0.36631951, -0.325465, -0.30591157, -0.29680547, -0.28387962, -0.27865869]","[-0.011138, -0.005993, 0.0, 0.002298, 0.013301, 0.0, -0.002298, -0.013301, 0.0, 0.011138, 0.005992, 0.0, 0.003033, -0.00239, -0.0, -0.003033, 0.00239, -0.0, 0.000582, 0.002764, -0.003444, 0.000582, 0.002764, 0.003444, -0.000582, -0.002764, -0.003444, -0.000582, -0.002764, 0.003444, -0.000949, -0.002757, 0.003393, -0.000949, -0.002757, -0.003393, 0.000949, 0.002757, 0.003393, 0.000949, 0.002757, -0.003393]",-1,83.9
carbon_dioxide,-187.28695737,11,1.731744e-07,"[-18.69169514, -18.69169502, -9.96394156, -1.07034101, -1.03528328, -0.50837128, -0.47827094, -0.47827093, -0.47218914, -0.34252287, -0.34252286]","[-0.0, 0.0, 0.0, -0.0, -0.0, 0.001569, -0.0, 0.0, -0.001568]",-1,56.4
magnesium_monohydride,-199.67675371,11,0.4726378,"[-45.98773108, -2.92129492, -1.73800494, -1.73800466, -1.73326608, -0.2608587, -0.14925202]","[-2.2e-05, 0.000211, 0.002769, 0.0, 0.0, -0.002815]",-1,53.0
cyclopropene,-115.57625415,11,0.1795458,"[-9.8028342, -9.80179624, -9.79401909, -0.79531176, -0.53829932, -0.50936013, -0.45772809, -0.396435, -0.31367614, -0.26759712, -0.2290453]","[-0.0, 0.0, 0.015912, 1e-06, 0.018005, -0.009153, 3e-06, -0.018006, -0.009153, 0.0, -0.008098, 0.004859, -0.0, 0.008098, 0.004859, -0.004845, 0.0, -0.003662, 0.004845, -0.0, -0.003663]",-1,40.4
cyclobutane,-155.78959027,10,4.563089e-07,"[-9.77661266, -9.77649491, -9.7764949, -9.77637735, -0.76806327, -0.58639872, -0.58639871, -0.4889503, -0.43183723, -0.4293867, -0.33802022, -0.33802021, -0.3199651, -0.27185706, -0.26987202, -0.26987202]","[-1e-06, 0.008306, 0.00455, 1e-06, -0.008307, 0.004551, -0.008306, -1e-06, -0.00455, 0.008306, 1e-06, -0.00455, 0.0, -0.002971, 0.00202, 0.0, -0.000691, -0.004077, -0.0, 0.002971, 0.00202, -0.0, 0.000691, -0.004077, 0.002971, 0.0, -0.00202, 0.000691, 0.0, 0.004077, -0.002971, -0.0, -0.00202, -0.000691, -0.0, 0.004077]",-1,70.7
silylene_s,-289.44426914,10,0.08321909,"[-65.1475733, -5.04375843, -3.49117956, -3.48041585, -3.47766774, -0.46506109, -0.29402012, -0.21569311]","[5.8e-05, 2.6e-05, -0.011874, -0.0, 0.003227, 0.005432, 0.0, -0.003223, 0.005427]",-1,31.7
aluminum_monohydride,-241.92442094,10,0.04107724,"[-55.13811613, -3.91920474, -2.55123543, -2.55123531, -2.54220707, -0.33115924, -0.18130444]","[-1e-06, 7.4e-05, 0.007353, -0.0, -0.0, -0.005328]",-1,26.1
beryllium_oxide,-89.20972489,14,2.406368,"[-18.53692654, -3.82837269, -0.76190934, -0.25540057, -0.23148477, -0.23148477]","[0.0, -1e-06, -0.005741, -7e-06, -6e-06, 0.004993]",-1,22.4

